metro,ccode,year,qtr,period,lh_emp,total_emp,lh_share,is_host,lh_imputed,cohort,treated,d,log_lh
Atlanta,C1206,2014,1,0,241387.0,2289041.6666666665,0.10545330105393451,1,False,20.0,1,0,12.394156733668542
Atlanta,C1206,2014,2,1,258291.66666666666,2338121.0,0.11046976040447293,1,False,20.0,1,0,12.461844716336111
Atlanta,C1206,2014,3,2,259804.33333333334,2353098.0,0.11040948287463308,1,False,20.0,1,0,12.467684062576584
Atlanta,C1206,2014,4,3,257324.33333333334,2395061.6666666665,0.10743954400617382,1,False,20.0,1,0,12.458092565633931
Atlanta,C1206,2015,1,4,253545.33333333334,2371483.0,0.10691425295198546,1,False,20.0,1,0,12.443297915742539
Atlanta,C1206,2015,2,5,268532.6666666667,2409968.0,0.11142582252821062,1,False,20.0,1,0,12.50072784909365
Atlanta,C1206,2015,3,6,270220.6666666667,2427503.3333333335,0.11131629067450645,1,False,20.0,1,0,12.506994188136458
Atlanta,C1206,2015,4,7,267253.0,2470464.0,0.10817927320535738,1,False,20.0,1,0,12.495951054268627
Atlanta,C1206,2016,1,8,265314.6666666667,2449379.3333333335,0.10831914152945957,1,False,20.0,1,0,12.488671821924816
Atlanta,C1206,2016,2,9,282759.0,2492557.3333333335,0.11344132237947853,1,False,20.0,1,0,12.552350223710523
Atlanta,C1206,2016,3,10,280156.7922265154,2504617.6666666665,0.1118561111961528,1,True,20.0,1,0,12.543104697662994
Atlanta,C1206,2016,4,11,277578.53235671023,2542729.3333333335,0.1091655838935971,1,True,20.0,1,0,12.533859171615466
Atlanta,C1206,2017,1,12,275024.0,2525012.0,0.1089198784005779,1,False,20.0,1,0,12.524613645567937
Atlanta,C1206,2017,2,13,291070.0,2560583.3333333335,0.11367331662707064,1,False,20.0,1,0,12.581319067054338
Atlanta,C1206,2017,3,14,291580.0,2571002.6666666665,0.11341100644521568,1,False,20.0,1,0,12.583069689658814
Atlanta,C1206,2017,4,15,289530.3333333333,2611615.6666666665,0.11086253503099677,1,False,20.0,1,0,12.576015348859801
Atlanta,C1206,2018,1,16,285415.0,2585411.0,0.11039444018765295,1,False,20.0,1,0,12.561699540457354
Atlanta,C1206,2018,2,17,298932.0,2616145.3333333335,0.11426429418549122,1,False,20.0,1,0,12.60797140175873
Atlanta,C1206,2018,3,18,299790.3333333333,2629488.6666666665,0.11401088627370645,1,False,20.0,1,0,12.61083862041276
Atlanta,C1206,2018,4,19,292798.6666666667,2659457.3333333335,0.11009714763864106,1,False,20.0,1,0,12.587240507324863
Atlanta,C1206,2019,1,20,294039.3333333333,2662227.6666666665,0.11044860550994699,1,False,20.0,1,1,12.591468824220229
Atlanta,C1206,2019,2,21,305714.6666666667,2685609.3333333335,0.11383437749943277,1,False,20.0,1,1,12.630407484047863
Atlanta,C1206,2019,3,22,305423.6666666667,2695372.0,0.11331410531335441,1,False,20.0,1,1,12.629455162761108
Atlanta,C1206,2019,4,23,300277.6666666667,2730045.6666666665,0.10998997941060083,1,False,20.0,1,1,12.61246288113146
Atlanta,C1206,2020,1,24,293768.6666666667,2696069.6666666665,0.10896182331589109,1,False,20.0,1,1,12.59054788852083
Atlanta,C1206,2020,2,25,195579.66666666666,2401318.6666666665,0.08144677729847323,1,False,20.0,1,1,12.1837230775324
Atlanta,C1206,2020,3,26,232766.0,2506585.0,0.09286180201349645,1,False,20.0,1,1,12.35778893606339
Atlanta,C1206,2020,4,27,242717.0,2593568.6666666665,0.09358418117841749,1,False,20.0,1,1,12.399651434585078
Atlanta,C1206,2021,1,28,243150.0,2581383.6666666665,0.094193669519099,1,False,20.0,1,1,12.401433815831933
Atlanta,C1206,2021,2,29,262767.0,2615524.6666666665,0.10046435552637369,1,False,20.0,1,1,12.479022986931668
Atlanta,C1206,2021,3,30,271485.6666666667,2651149.0,0.1024030209794571,1,False,20.0,1,1,12.511664623837905
Atlanta,C1206,2021,4,31,271158.3333333333,2715808.6666666665,0.09984441712020459,1,False,20.0,1,1,12.510458185093402
Atlanta,C1206,2022,1,32,269747.3333333333,2719363.0,0.0991950443296218,1,False,20.0,1,1,12.505240997374884
Atlanta,C1206,2022,2,33,287839.6666666667,2762649.6666666665,0.10418970966158214,1,False,20.0,1,1,12.570158891132921
Atlanta,C1206,2022,3,34,293372.3333333333,2791663.6666666665,0.10508870994607636,1,False,20.0,1,1,12.589197843494063
Atlanta,C1206,2022,4,35,291596.6666666667,2831838.6666666665,0.10297079070888691,1,False,20.0,1,1,12.583126847867034
Atlanta,C1206,2023,1,36,291854.0,2814988.3333333335,0.10367858244527951,1,False,20.0,1,1,12.584008956208736
Atlanta,C1206,2023,2,37,306601.3333333333,2834322.3333333335,0.10817447603877563,1,False,20.0,1,1,12.633303594181866
Atlanta,C1206,2023,3,38,308070.3333333333,2837989.0,0.10855233523926038,1,False,20.0,1,1,12.638083390865036
Atlanta,C1206,2023,4,39,302887.3333333333,2871354.0,0.10548589039642389,1,False,20.0,1,1,12.6211161781592
Atlanta,C1206,2024,1,40,300330.3333333333,2843034.6666666665,0.1056372392692128,1,False,20.0,1,1,12.612638258971256
Atlanta,C1206,2024,2,41,317561.6666666667,2881085.0,0.11022294262983101,1,False,20.0,1,1,12.668427304177294
Atlanta,C1206,2024,3,42,312264.6666666667,2874378.3333333335,0.10863728794690099,1,False,20.0,1,1,12.651606397794787
Atlanta,C1206,2024,4,43,307559.6666666667,2899737.0,0.10606467644019671,1,False,20.0,1,1,12.636424385346162
Atlanta,C1206,2025,1,44,301501.3333333333,2860018.3333333335,0.10541937085484882,1,False,20.0,1,1,12.61652971747238
Atlanta,C1206,2025,2,45,317463.6666666667,2886544.3333333335,0.10998052688837968,1,False,20.0,1,1,12.668118655071082
Austin,C1242,2014,1,0,102480.33333333333,864872.3333333334,0.11849186219006504,0,False,,0,0,11.537426189232512
Austin,C1242,2014,2,1,107601.0,882319.6666666666,0.12195239896046747,0,False,,0,0,11.586185220346932
Austin,C1242,2014,3,2,108538.33333333333,880545.0,0.12326267633492136,0,False,,0,0,11.594858692177347
Austin,C1242,2014,4,3,108446.66666666667,899946.0,0.12050352650788677,0,False,,0,0,11.594013779652334
Austin,C1242,2015,1,4,109134.66666666667,901630.0,0.12104152109697622,0,False,,0,0,11.600337872647414
Austin,C1242,2015,2,5,116261.0,921974.0,0.12610008525186175,0,False,,0,0,11.66359294262898
Austin,C1242,2015,3,6,117040.33333333333,925261.3333333334,0.12649435258651248,0,False,,0,0,11.670273883719114
Austin,C1242,2015,4,7,117301.0,943526.0,0.12432195827142019,0,False,,0,0,11.672498559754418
Austin,C1242,2016,1,8,117522.33333333333,935551.6666666666,0.1256182181279851,0,False,,0,0,11.674383665427147
Austin,C1242,2016,2,9,122648.33333333333,952307.3333333334,0.1287907055215368,0,False,,0,0,11.71707646079148
Austin,C1242,2016,3,10,123099.0,955182.0,0.1288749159845977,0,False,,0,0,11.720744188662701
Austin,C1242,2016,4,11,122361.0,971036.6666666666,0.12601068960664033,0,False,,0,0,11.714730970836872
Austin,C1242,2017,1,12,121338.66666666667,967497.6666666666,0.12541494501450995,0,False,,0,0,11.706340813028685
Austin,C1242,2017,2,13,126159.0,984319.6666666666,0.12816872838397012,0,False,,0,0,11.745298295162893
Austin,C1242,2017,3,14,126241.0,983997.3333333334,0.12829404686733567,0,False,,0,0,11.745948057467846
Austin,C1242,2017,4,15,126348.0,1002716.0,0.126005768333207,0,False,,0,0,11.74679528364476
Austin,C1242,2018,1,16,126096.0,1001293.0,0.12593316841324168,0,False,,0,0,11.744798800593431
Austin,C1242,2018,2,17,131561.66666666666,1019619.3333333334,0.12903018054450385,0,False,,0,0,11.787230968713677
Austin,C1242,2018,3,18,130697.66666666667,1021440.3333333334,0.12795428416278842,0,False,,0,0,11.780642046864328
Austin,C1242,2018,4,19,131206.33333333334,1040779.3333333334,0.12606546760792714,0,False,,0,0,11.784526426684776
Austin,C1242,2019,1,20,131221.66666666666,1042037.3333333334,0.1259279897841152,0,False,,0,0,11.784643284134063
Austin,C1242,2019,2,21,136359.66666666666,1059390.0,0.12871526696180505,0,False,,0,0,11.82305128173922
Austin,C1242,2019,3,22,135947.0,1063184.0,0.12786780086984004,0,False,,0,0,11.820020382880765
Austin,C1242,2019,4,23,134992.33333333334,1084611.0,0.12446151969077701,0,False,,0,0,11.812973265684489
Austin,C1242,2020,1,24,132187.0,1077798.6666666667,0.12264535491477072,0,False,,0,0,11.79197286570967
Austin,C1242,2020,2,25,85456.66666666667,976718.0,0.08749369487064503,0,False,,0,0,11.355764703834774
Austin,C1242,2020,3,26,98372.66666666667,1015105.0,0.09690885836112192,0,False,,0,0,11.496518266675174
Austin,C1242,2020,4,27,106684.33333333333,1054967.0,0.10112575401252677,0,False,,0,0,11.577629597393493
Austin,C1242,2021,1,28,106921.0,1056870.0,0.10116759866397948,0,False,,0,0,11.57984552299625
Austin,C1242,2021,2,29,118289.66666666667,1094927.0,0.1080342951326131,0,False,,0,0,11.680891697602485
Austin,C1242,2021,3,30,124279.33333333333,1117295.0,0.11123233643158999,0,False,,0,0,11.73028699926129
Austin,C1242,2021,4,31,126846.0,1156248.0,0.10970483840836914,0,False,,0,0,11.750729031223187
Austin,C1242,2022,1,32,127313.0,1162583.6666666667,0.10950867765502754,0,False,,0,0,11.754403900305583
Austin,C1242,2022,2,33,136972.66666666666,1193662.0,0.11474995992723791,0,False,,0,0,11.827536671522825
Austin,C1242,2022,3,34,139563.66666666666,1211485.6666666667,0.11520042746413012,0,False,,0,0,11.84627616800421
Austin,C1242,2022,4,35,139521.33333333334,1232332.6666666667,0.11321726438586117,0,False,,0,0,11.845972795672067
Austin,C1242,2023,1,36,140628.33333333334,1229109.0,0.11441485932763762,0,False,,0,0,11.853875755363598
Austin,C1242,2023,2,37,146786.0,1249069.6666666667,0.11751626343766787,0,False,,0,0,11.896731022767339
Austin,C1242,2023,3,38,145641.0,1249763.0,0.11653489501609506,0,False,,0,0,11.888899968511334
Austin,C1242,2023,4,39,145088.33333333334,1270579.3333333333,0.11419069201503358,0,False,,0,0,11.885098031320819
Austin,C1242,2024,1,40,143939.0,1246876.6666666667,0.11543964519345672,0,False,,0,0,11.877144877698493
Austin,C1242,2024,2,41,149612.66666666666,1264150.0,0.11835040672915924,0,False,,0,0,11.91580501116992
Austin,C1242,2024,3,42,147266.33333333334,1262817.6666666667,0.11661725775666215,0,False,,0,0,11.89999801782985
Austin,C1242,2024,4,43,148729.33333333334,1282848.0,0.11593683221498832,0,False,,0,0,11.909883378181206
Austin,C1242,2025,1,44,147764.66666666666,1293274.0,0.1142562725815772,0,False,,0,0,11.903376197121194
Austin,C1242,2025,2,45,152536.66666666666,1307502.3333333333,0.11666263438153202,0,False,,0,0,11.935160283287692
Baltimore,C1258,2014,1,0,119053.33333333333,1240757.3333333333,0.09595214965483446,0,False,,0,0,11.687326850963043
Baltimore,C1258,2014,2,1,132357.33333333334,1278073.6666666667,0.10356001910166368,0,False,,0,0,11.793260614758957
Baltimore,C1258,2014,3,2,135688.0,1270790.0,0.10677452608220084,0,False,,0,0,11.818113411551675
Baltimore,C1258,2014,4,3,129368.66666666667,1291852.6666666667,0.10014196665357608,0,False,,0,0,11.770421488502391
Baltimore,C1258,2015,1,4,125357.33333333333,1261985.3333333333,0.09933343123903184,0,False,,0,0,11.738923604733877
Baltimore,C1258,2015,2,5,136982.0,1297060.3333333333,0.10560958228363061,0,False,,0,0,11.827604809316938
Baltimore,C1258,2015,3,6,139686.33333333334,1290509.6666666667,0.10824121425927585,0,False,,0,0,11.84715471177901
Baltimore,C1258,2015,4,7,132359.66666666666,1316608.3333333333,0.10053078300937383,0,False,,0,0,11.793278243648173
Baltimore,C1258,2016,1,8,127156.66666666667,1286942.6666666667,0.09880523038063338,0,False,,0,0,11.75317520098712
Baltimore,C1258,2016,2,9,138399.0,1317529.6666666667,0.10504431399267669,0,False,,0,0,11.837896096706077
Baltimore,C1258,2016,3,10,140139.33333333334,1308622.6666666667,0.10708918384418427,0,False,,0,0,11.850392444765596
Baltimore,C1258,2016,4,11,133753.0,1329334.3333333333,0.10061652410993674,0,False,,0,0,11.803750094413248
Baltimore,C1258,2017,1,12,130223.66666666667,1300198.6666666667,0.10015674527687564,0,False,,0,0,11.777008763871528
Baltimore,C1258,2017,2,13,140932.0,1329169.0,0.10603015869313834,0,False,,0,0,11.85603278352742
Baltimore,C1258,2017,3,14,142191.33333333334,1322612.3333333333,0.1075079445047768,0,False,,0,0,11.86492884747096
Baltimore,C1258,2017,4,15,134445.0,1340584.0,0.100288381779881,0,False,,0,0,11.808910472459571
Baltimore,C1258,2018,1,16,130197.66666666667,1316848.3333333333,0.09887066214914653,0,False,,0,0,11.776809087449067
Baltimore,C1258,2018,2,17,141870.0,1344637.0,0.10550802930456324,0,False,,0,0,11.862666424306031
Baltimore,C1258,2018,3,18,144789.33333333334,1343501.3333333333,0.10777014487518187,0,False,,0,0,11.883035091395321
Baltimore,C1258,2018,4,19,136416.0,1349654.3333333333,0.10107476902110492,0,False,,0,0,11.823464319564938
Baltimore,C1258,2019,1,20,131156.33333333334,1324808.0,0.09900025764739746,0,False,,0,0,11.784145274890273
Baltimore,C1258,2019,2,21,143005.0,1348168.6666666667,0.10607352294693097,0,False,,0,0,11.870634873665747
Baltimore,C1258,2019,3,22,144235.66666666666,1342717.0,0.1074207496193663,0,False,,0,0,11.87920381490419
Baltimore,C1258,2019,4,23,135466.33333333334,1361906.3333333333,0.0994681719423191,0,False,,0,0,11.81647842594535
Baltimore,C1258,2020,1,24,128970.0,1330957.0,0.09690020038213105,0,False,,0,0,11.767335098158437
Baltimore,C1258,2020,2,25,72958.66666666667,1184261.0,0.061606914917122724,0,False,,0,0,11.197648349727425
Baltimore,C1258,2020,3,26,101765.33333333333,1237122.6666666667,0.08225969507739464,0,False,,0,0,11.530424788102014
Baltimore,C1258,2020,4,27,100688.66666666667,1263908.3333333333,0.07966453263356389,0,False,,0,0,11.519788526858202
Baltimore,C1258,2021,1,28,94573.66666666667,1242711.3333333333,0.07610268300441991,0,False,,0,0,11.457134351243422
Baltimore,C1258,2021,2,29,110976.0,1272988.3333333333,0.08717754679605601,0,False,,0,0,11.61706924070016
Baltimore,C1258,2021,3,30,120847.0,1285389.3333333333,0.09401587275243195,0,False,,0,0,11.70228056166132
Baltimore,C1258,2021,4,31,116480.66666666667,1309529.0,0.0889485201676837,0,False,,0,0,11.665480586857358
Baltimore,C1258,2022,1,32,110917.33333333333,1270105.0,0.08732926280373145,0,False,,0,0,11.616540458089592
Baltimore,C1258,2022,2,33,122659.33333333333,1295545.6666666667,0.09467773810623425,0,False,,0,0,11.71716614408721
Baltimore,C1258,2022,3,34,127539.33333333333,1300993.6666666667,0.09803224765890481,0,False,,0,0,11.756180092737312
Baltimore,C1258,2022,4,35,119250.0,1302399.0,0.09156180248909897,0,False,,0,0,11.688977408750588
Baltimore,C1258,2023,1,36,117915.66666666667,1303934.6666666667,0.09043065552364075,0,False,,0,0,11.677724958670144
Baltimore,C1258,2023,2,37,129720.66666666667,1329340.6666666667,0.09758271142937526,0,False,,0,0,11.773138699682383
Baltimore,C1258,2023,3,38,133811.66666666666,1331371.0,0.10050667069259181,0,False,,0,0,11.804188617693155
Baltimore,C1258,2023,4,39,125495.66666666667,1338993.3333333333,0.09372389207812835,0,False,,0,0,11.740026508405395
Baltimore,C1258,2024,1,40,123172.66666666667,1339753.0,0.09193684706559095,0,False,,0,0,11.721342443994798
Baltimore,C1258,2024,2,41,133888.0,1359412.6666666667,0.09848959280944368,0,False,,0,0,11.804758908544486
Baltimore,C1258,2024,3,42,135885.0,1359795.3333333333,0.09993047973395996,0,False,,0,0,11.819564218771498
Baltimore,C1258,2024,4,43,129318.0,1361978.6666666667,0.09494862376698998,0,False,,0,0,11.770029766207868
Baltimore,C1258,2025,1,44,124463.0,1344282.0,0.09258697207877514,0,False,,0,0,11.73176376196255
Baltimore,C1258,2025,2,45,135330.66666666666,1364943.6666666667,0.09914743734234696,0,False,,0,0,11.815476445288127
Boston,C1446,2014,1,0,232431.66666666666,2434010.0,0.09549330802530255,0,False,,0,0,12.35635155400044
Boston,C1446,2014,2,1,255658.0,2503383.0,0.1021250044439864,0,False,,0,0,12.451595892801638
Boston,C1446,2014,3,2,264143.0,2495136.6666666665,0.1058631390932494,0,False,,0,0,12.484245902146686
Boston,C1446,2014,4,3,251606.66666666666,2545242.3333333335,0.09885371753076032,0,False,,0,0,12.435622300542702
Boston,C1446,2015,1,4,237843.0,2486072.0,0.09567019780601688,0,False,,0,0,12.379366071114125
Boston,C1446,2015,2,5,262940.0,2563175.0,0.1025837096569684,0,False,,0,0,12.479681148250595
Boston,C1446,2015,3,6,271617.3333333333,2560074.6666666665,0.10609742632506551,0,False,,0,0,12.51214949197248
Boston,C1446,2015,4,7,259021.0,2596334.3333333335,0.0997641161519645,0,False,,0,0,12.464664418475863
Boston,C1446,2016,1,8,247886.33333333334,2548325.3333333335,0.09727420988633581,0,False,,0,0,12.42072558674696
Boston,C1446,2016,2,9,272371.6666666667,2612079.6666666665,0.10427387423992557,0,False,,0,0,12.514922834142359
Boston,C1446,2016,3,10,281145.0,2616569.0,0.10744795952256563,0,False,,0,0,12.546625829461195
Boston,C1446,2016,4,11,265713.3333333333,2638604.0,0.10070224002288078,0,False,,0,0,12.490173312398257
Boston,C1446,2017,1,12,254338.0,2588640.3333333335,0.09825157891768406,0,False,,0,0,12.446419370054004
Boston,C1446,2017,2,13,278636.0,2653095.6666666665,0.1050229750478906,0,False,,0,0,12.53766154949613
Boston,C1446,2017,3,14,286318.3333333333,2648299.0,0.1081140510695104,0,False,,0,0,12.564859524430137
Boston,C1446,2017,4,15,273930.3333333333,2673371.0,0.10246626200902655,0,False,,0,0,12.520629095133643
Boston,C1446,2018,1,16,263693.6666666667,2628564.3333333335,0.10031851354091517,0,False,,0,0,12.482543354861708
Boston,C1446,2018,2,17,284646.3333333333,2690395.0,0.10580094496656933,0,False,,0,0,12.559002752980026
Boston,C1446,2018,3,18,291150.0,2679052.0,0.1086765019865236,0,False,,0,0,12.581593877265266
Boston,C1446,2018,4,19,275777.0,2709471.0,0.10178259889107505,0,False,,0,0,12.52734784710029
Boston,C1446,2019,1,20,264415.3333333333,2672536.6666666665,0.09893796280936588,0,False,,0,0,12.485276378218133
Boston,C1446,2019,2,21,289236.6666666667,2736166.6666666665,0.10570871657428277,0,False,,0,0,12.575000547767587
Boston,C1446,2019,3,22,296243.6666666667,2726694.3333333335,0.10864571912045391,0,False,,0,0,12.598937592862592
Boston,C1446,2019,4,23,281133.3333333333,2752784.3333333335,0.10212690109032635,0,False,,0,0,12.546584331626487
Boston,C1446,2020,1,24,263874.3333333333,2696115.6666666665,0.09787203738909817,0,False,,0,0,12.48322825869867
Boston,C1446,2020,2,25,132059.33333333334,2304374.0,0.057308116361898434,0,False,,0,0,11.791006595525412
Boston,C1446,2020,3,26,190327.0,2443234.3333333335,0.07789960930204129,0,False,,0,0,12.156498924460196
Boston,C1446,2020,4,27,185953.0,2525988.0,0.07361594750252179,0,False,,0,0,12.13324923259226
Boston,C1446,2021,1,28,172313.33333333334,2486884.6666666665,0.06928883178337986,0,False,,0,0,12.057069803929044
Boston,C1446,2021,2,29,213272.66666666666,2572763.6666666665,0.08289633028866106,0,False,,0,0,12.270326751225507
Boston,C1446,2021,3,30,243026.33333333334,2597174.3333333335,0.09357336171631657,0,False,,0,0,12.400925084078224
Boston,C1446,2021,4,31,237442.66666666666,2648529.3333333335,0.08965075964170303,0,False,,0,0,12.377681469805545
Boston,C1446,2022,1,32,228912.66666666666,2612064.6666666665,0.0876366766825834,0,False,,0,0,12.341095841529173
Boston,C1446,2022,2,33,259250.33333333334,2684098.3333333335,0.09658749462109871,0,False,,0,0,12.465549411851153
Boston,C1446,2022,3,34,270875.6666666667,2687105.0,0.10080576183910442,0,False,,0,0,12.509415199995454
Boston,C1446,2022,4,35,255526.0,2707281.3333333335,0.0943847234692023,0,False,,0,0,12.451079444701017
Boston,C1446,2023,1,36,247343.0,2664918.0,0.09281448810057195,0,False,,0,0,12.418531316275617
Boston,C1446,2023,2,37,272659.0,2716550.6666666665,0.10036956179233175,0,False,,0,0,12.515977209162061
Boston,C1446,2023,3,38,283308.0,2707780.3333333335,0.10462739407344834,0,False,,0,0,12.554289924036214
Boston,C1446,2023,4,39,268664.3333333333,2726610.3333333335,0.09853418732000696,0,False,,0,0,12.501218047919417
Boston,C1446,2024,1,40,256071.66666666666,2674312.0,0.09575235300393771,0,False,,0,0,12.453212632200259
Boston,C1446,2024,2,41,281419.6666666667,2725336.0,0.10326053986248547,0,False,,0,0,12.547602309872305
Boston,C1446,2024,3,42,287397.0,2707760.0,0.10613828404289893,0,False,,0,0,12.56861981415922
Boston,C1446,2024,4,43,271731.3333333333,2726456.0,0.09966466846827285,0,False,,0,0,12.51256911203844
Boston,C1446,2025,1,44,257261.0,2665283.3333333335,0.0965229462783819,0,False,,0,0,12.457846412743242
Boston,C1446,2025,2,45,282680.0,2714663.6666666665,0.10413076340580436,0,False,,0,0,12.552070794804791
Charlotte,C1674,2014,1,0,112748.33333333333,1022922.0,0.11022182857865344,0,False,,0,0,11.63291347528967
Charlotte,C1674,2014,2,1,121351.0,1045643.0,0.11605394957934974,0,False,,0,0,11.706442451747082
Charlotte,C1674,2014,3,2,121976.0,1041261.6666666666,0.11714250500594632,0,False,,0,0,11.711579583051742
Charlotte,C1674,2014,4,3,118236.0,1073256.0,0.11016570137972674,0,False,,0,0,11.680437906110475
Charlotte,C1674,2015,1,4,117370.66666666667,1065769.0,0.11012767932513207,0,False,,0,0,11.673092297121206
Charlotte,C1674,2015,2,5,125866.33333333333,1086894.6666666667,0.11580361666447897,0,False,,0,0,11.742975776276781
Charlotte,C1674,2015,3,6,127474.33333333333,1084049.0,0.11759093300518088,0,False,,0,0,11.755670316126063
Charlotte,C1674,2015,4,7,124745.33333333333,1114644.0,0.1119149552084193,0,False,,0,0,11.73402960476443
Charlotte,C1674,2016,1,8,124649.66666666667,1107689.0,0.11253128510499488,0,False,,0,0,11.73326241479383
Charlotte,C1674,2016,2,9,133405.66666666666,1127879.6666666667,0.11828005292526772,0,False,,0,0,11.801149890322083
Charlotte,C1674,2016,3,10,133734.66666666666,1126891.0,0.11867577846186246,0,False,,0,0,11.803613016441837
Charlotte,C1674,2016,4,11,130934.0,1148453.6666666667,0.11400895290798264,0,False,,0,0,11.78244865843107
Charlotte,C1674,2017,1,12,128765.33333333333,1140555.0,0.11289708372970468,0,False,,0,0,11.765746905286006
Charlotte,C1674,2017,2,13,138236.66666666666,1159974.6666666667,0.11917214283990109,0,False,,0,0,11.836722471092846
Charlotte,C1674,2017,3,14,140838.66666666666,1158933.3333333333,0.12152439024390244,0,False,,0,0,11.855370306216697
Charlotte,C1674,2017,4,15,136392.66666666666,1179128.0,0.11567248565606673,0,False,,0,0,11.823293259505332
Charlotte,C1674,2018,1,16,134281.0,1166796.0,0.1150852419788892,0,False,,0,0,11.80768989819165
Charlotte,C1674,2018,2,17,143010.0,1186363.6666666667,0.12054482450715645,0,False,,0,0,11.87066983686698
Charlotte,C1674,2018,3,18,145152.33333333334,1186479.6666666667,0.12233866067096529,0,False,,0,0,11.885539044647947
Charlotte,C1674,2018,4,19,139582.66666666666,1208596.0,0.11549158417425398,0,False,,0,0,11.846412297322495
Charlotte,C1674,2019,1,20,137395.33333333334,1199189.6666666667,0.11457348003610215,0,False,,0,0,11.830617694098494
Charlotte,C1674,2019,2,21,145823.0,1215221.0,0.11999710340752834,0,False,,0,0,11.890148836458353
Charlotte,C1674,2019,3,22,148480.0,1216510.6666666667,0.12205400582869255,0,False,,0,0,11.908205548020028
Charlotte,C1674,2019,4,23,143235.0,1237531.0,0.11574255513599255,0,False,,0,0,11.872241917052413
Charlotte,C1674,2020,1,24,140092.66666666666,1228184.0,0.11406488495751993,0,False,,0,0,11.850059387391005
Charlotte,C1674,2020,2,25,95698.0,1113910.0,0.08591178820551032,0,False,,0,0,11.468952678581077
Charlotte,C1674,2020,3,26,115264.33333333333,1163221.0,0.09909065717807135,0,False,,0,0,11.654983320443348
Charlotte,C1674,2020,4,27,118406.66666666667,1207221.0,0.09808201370475388,0,False,,0,0,11.681880306153207
Charlotte,C1674,2021,1,28,114546.0,1197429.6666666667,0.09565989818747879,0,False,,0,0,11.648731768022714
Charlotte,C1674,2021,2,29,124728.66666666667,1217631.3333333333,0.10243549361136678,0,False,,0,0,11.733895990306078
Charlotte,C1674,2021,3,30,131727.33333333334,1223396.6666666667,0.10767344469904828,0,False,,0,0,11.78848940859176
Charlotte,C1674,2021,4,31,129900.66666666667,1256836.3333333333,0.10335527643615226,0,False,,0,0,11.77452533479846
Charlotte,C1674,2022,1,32,128322.33333333333,1255615.0,0.10219878970331935,0,False,,0,0,11.762300606642418
Charlotte,C1674,2022,2,33,139932.0,1276405.6666666667,0.1096297232567389,0,False,,0,0,11.848911869308333
Charlotte,C1674,2022,3,34,143585.66666666666,1278694.3333333333,0.1122908445933,0,False,,0,0,11.874687116315503
Charlotte,C1674,2022,4,35,138980.0,1301344.3333333333,0.10679725299453156,0,False,,0,0,11.842085316868319
Charlotte,C1674,2023,1,36,140817.66666666666,1298945.6666666667,0.1084092046960137,0,False,,0,0,11.855221188319788
Charlotte,C1674,2023,2,37,151518.0,1317449.6666666667,0.11500856832228125,0,False,,0,0,11.928459708755176
Charlotte,C1674,2023,3,38,153457.66666666666,1316100.6666666667,0.11660024993022315,0,False,,0,0,11.94118002078527
Charlotte,C1674,2023,4,39,149333.0,1337075.0,0.11168633023577586,0,False,,0,0,11.913933990583665
Charlotte,C1674,2024,1,40,147628.66666666666,1324629.3333333333,0.111449039328738,0,False,,0,0,11.90245539089937
Charlotte,C1674,2024,2,41,157814.0,1341775.3333333333,0.11761581546438724,0,False,,0,0,11.96917240335714
Charlotte,C1674,2024,3,42,156957.0,1335011.0,0.11756981777678237,0,False,,0,0,11.963727161466684
Charlotte,C1674,2024,4,43,153237.33333333334,1357526.6666666667,0.11287979609976968,0,False,,0,0,11.939743196766363
Charlotte,C1674,2025,1,44,149652.0,1338248.6666666667,0.11182675068360488,0,False,,0,0,11.916067877708748
Charlotte,C1674,2025,2,45,159508.0,1357879.3333333333,0.11746846430635222,0,False,,0,0,11.97984935668904
Chicago,C1698,2014,1,0,408125.0,4204722.666666667,0.09706347656064196,0,False,,0,0,12.919328779012833
Chicago,C1698,2014,2,1,441763.0,4332707.333333333,0.10196003699611375,0,False,,0,0,12.99852881815867
Chicago,C1698,2014,3,2,448127.3333333333,4331498.0,0.10345781836522452,0,False,,0,0,13.012832697202986
Chicago,C1698,2014,4,3,431280.3333333333,4373145.333333333,0.09862016934264553,0,False,,0,0,12.974513583018345
Chicago,C1698,2015,1,4,418901.6666666667,4280799.0,0.09785595321496447,0,False,,0,0,12.945391485601517
Chicago,C1698,2015,2,5,456521.6666666667,4413523.0,0.10343701996492749,0,False,,0,0,13.03139144046843
Chicago,C1698,2015,3,6,463183.6666666667,4414386.333333333,0.10492594704934073,0,False,,0,0,13.045878942673323
Chicago,C1698,2015,4,7,450701.0,4459261.0,0.10107078280459475,0,False,,0,0,13.018559427447078
Chicago,C1698,2016,1,8,440419.6666666667,4360866.333333333,0.10099361755259793,0,False,,0,0,12.99548333920659
Chicago,C1698,2016,2,9,473871.6666666667,4467855.0,0.10606245427988749,0,False,,0,0,13.06869181859008
Chicago,C1698,2016,3,10,482036.3333333333,4472684.0,0.10777339363418773,0,False,,0,0,13.085774770551394
Chicago,C1698,2016,4,11,462875.0,4503799.0,0.10277434672373256,0,False,,0,0,13.045212318215913
Chicago,C1698,2017,1,12,453142.0,4399008.666666667,0.10301002665297468,0,False,,0,0,13.023960821128702
Chicago,C1698,2017,2,13,488411.0,4509620.333333333,0.10830423935910052,0,False,,0,0,13.09891254348758
Chicago,C1698,2017,3,14,495389.6666666667,4506688.333333333,0.10992321412655931,0,False,,0,0,13.113099937254384
Chicago,C1698,2017,4,15,472095.3333333333,4542940.0,0.1039184610259729,0,False,,0,0,13.064936221574133
Chicago,C1698,2018,1,16,458650.3333333333,4434984.333333333,0.1034164494981681,0,False,,0,0,13.036043397708132
Chicago,C1698,2018,2,17,493477.6666666667,4536511.0,0.10877911828422034,0,False,,0,0,13.109232881850211
Chicago,C1698,2018,3,18,501452.0,4540799.0,0.11043254722351727,0,False,,0,0,13.125263168941943
Chicago,C1698,2018,4,19,479526.0,4572503.0,0.1048716643816308,0,False,,0,0,13.080553394984722
Chicago,C1698,2019,1,20,467251.3333333333,4462550.333333333,0.10470500015275272,0,False,,0,0,13.054622578889624
Chicago,C1698,2019,2,21,500576.0,4569219.666666667,0.10955393623375077,0,False,,0,0,13.123514714361496
Chicago,C1698,2019,3,22,508083.6666666667,4560549.333333333,0.11140843559196964,0,False,,0,0,13.138401411162095
Chicago,C1698,2019,4,23,488244.6666666667,4590430.333333333,0.10636141520791334,0,False,,0,0,13.098571925313504
Chicago,C1698,2020,1,24,466478.3333333333,4471960.666666667,0.10431181490713766,0,False,,0,0,13.05296685303194
Chicago,C1698,2020,2,25,274419.3333333333,3960414.6666666665,0.06929055577008603,0,False,,0,0,12.522412629106038
Chicago,C1698,2020,3,26,355836.0,4141397.0,0.08592173124189736,0,False,,0,0,12.782225229533925
Chicago,C1698,2020,4,27,331491.6666666667,4215525.0,0.07863591525768836,0,False,,0,0,12.711357950031651
Chicago,C1698,2021,1,28,323735.3333333333,4140260.3333333335,0.07819202351285318,0,False,,0,0,12.687681588524395
Chicago,C1698,2021,2,29,388698.0,4270467.0,0.09102002193202757,0,False,,0,0,12.870557971470761
Chicago,C1698,2021,3,30,424981.0,4301927.333333333,0.09878851200182988,0,False,,0,0,12.959799741024863
Chicago,C1698,2021,4,31,418298.6666666667,4396949.0,0.09513384546117472,0,False,,0,0,12.943950969920229
Chicago,C1698,2022,1,32,406279.6666666667,4319797.0,0.09405063864497955,0,False,,0,0,12.914797035600868
Chicago,C1698,2022,2,33,447256.3333333333,4435804.0,0.10082869606802584,0,False,,0,0,13.010887161881847
Chicago,C1698,2022,3,34,463378.0,4468887.0,0.10368980016724522,0,False,,0,0,13.046298414670003
Chicago,C1698,2022,4,35,445811.3333333333,4497782.666666667,0.09911802467408384,0,False,,0,0,13.007651122072252
Chicago,C1698,2023,1,36,439433.0,4432944.0,0.0991289310219123,0,False,,0,0,12.993240538524983
Chicago,C1698,2023,2,37,472848.6666666667,4531226.333333333,0.104353354231772,0,False,,0,0,13.06653067265892
Chicago,C1698,2023,3,38,483987.3333333333,4525634.333333333,0.10694353491366919,0,False,,0,0,13.08981401455741
Chicago,C1698,2023,4,39,462227.0,4547375.666666667,0.10164697924304618,0,False,,0,0,13.043811391386267
Chicago,C1698,2024,1,40,440139.3333333333,4373371.333333333,0.10064074138380201,0,False,,0,0,12.994846622432805
Chicago,C1698,2024,2,41,472888.3333333333,4471701.333333333,0.10575132328456045,0,False,,0,0,13.066614557854678
Chicago,C1698,2024,3,42,480860.3333333333,4465412.0,0.10768554689541152,0,False,,0,0,13.083332139632788
Chicago,C1698,2024,4,43,459885.0,4492285.666666667,0.10237216288634657,0,False,,0,0,13.03873173721007
Chicago,C1698,2025,1,44,446102.6666666667,4412047.333333333,0.10111012710501294,0,False,,0,0,13.008304398831434
Chicago,C1698,2025,2,45,478733.3333333333,4514239.333333333,0.10604961278821579,0,False,,0,0,13.078899005990245
Dallas,C1910,2014,1,0,317726.6666666667,3088563.6666666665,0.10287198224072011,0,False,,0,0,12.668946753362972
Dallas,C1910,2014,2,1,337445.0,3155459.0,0.10694006799010856,0,False,,0,0,12.729157813051852
Dallas,C1910,2014,3,2,338041.6666666667,3171684.6666666665,0.1065811082102109,0,False,,0,0,12.730924441029256
Dallas,C1910,2014,4,3,335157.0,3234909.0,0.1036063147371379,0,False,,0,0,12.722354357738363
Dallas,C1910,2015,1,4,331682.3333333333,3203503.3333333335,0.10353737730880046,0,False,,0,0,12.711932962537931
Dallas,C1910,2015,2,5,352903.0,3270115.3333333335,0.10791760045975952,0,False,,0,0,12.773948510619011
Dallas,C1910,2015,3,6,356927.6666666667,3290773.0,0.10846316858278182,0,False,,0,0,12.785288425853626
Dallas,C1910,2015,4,7,352429.0,3344071.6666666665,0.10538918872851111,0,False,,0,0,12.772604462507326
Dallas,C1910,2016,1,8,349961.0,3304367.0,0.10590863545120745,0,False,,0,0,12.765576998685543
Dallas,C1910,2016,2,9,369016.0,3358482.3333333335,0.10987581990158848,0,False,,0,0,12.818595282516233
Dallas,C1910,2016,3,10,368942.0,3374724.3333333335,0.10932507771252031,0,False,,0,0,12.81839472909653
Dallas,C1910,2016,4,11,365283.0,3427070.6666666665,0.10658753073081267,0,False,,0,0,12.808427674607689
Dallas,C1910,2017,1,12,360171.0,3399140.3333333335,0.10595943817559361,0,False,,0,0,12.794334197655504
Dallas,C1910,2017,2,13,376583.0,3445198.6666666665,0.1093066137647021,0,False,,0,0,12.838893753453442
Dallas,C1910,2017,3,14,377441.3333333333,3456710.0,0.10919091660374557,0,False,,0,0,12.84117042720556
Dallas,C1910,2017,4,15,373920.6666666667,3515283.6666666665,0.10636998379741949,0,False,,0,0,12.831798932683661
Dallas,C1910,2018,1,16,371529.3333333333,3476366.6666666665,0.10687288452503092,0,False,,0,0,12.825383099197357
Dallas,C1910,2018,2,17,387056.6666666667,3524658.0,0.10981396398364514,0,False,,0,0,12.866326386788016
Dallas,C1910,2018,3,18,388266.6666666667,3538705.0,0.10971998701973368,0,False,,0,0,12.869447667756448
Dallas,C1910,2018,4,19,383736.6666666667,3592891.0,0.10680442759512233,0,False,,0,0,12.857711832437365
Dallas,C1910,2019,1,20,381252.3333333333,3561041.6666666665,0.10706202539051074,0,False,,0,0,12.851216727103608
Dallas,C1910,2019,2,21,395906.0,3608675.3333333335,0.1097095092880804,0,False,,0,0,12.888932088321639
Dallas,C1910,2019,3,22,401154.3333333333,3635496.0,0.11034376969011472,0,False,,0,0,12.902101503400246
Dallas,C1910,2019,4,23,398318.0,3706399.3333333335,0.1074676429001444,0,False,,0,0,12.895005960214887
Dallas,C1910,2020,1,24,390686.0,3647777.0,0.10710249009191077,0,False,,0,0,12.8756594472811
Dallas,C1910,2020,2,25,275525.0,3334331.0,0.08263276801253384,0,False,,0,0,12.526433647559744
Dallas,C1910,2020,3,26,318404.0,3459098.3333333335,0.09204826498620305,0,False,,0,0,12.671076295687524
Dallas,C1910,2020,4,27,333621.6666666667,3576320.0,0.0932863017477929,0,False,,0,0,12.717762895399263
Dallas,C1910,2021,1,28,331184.3333333333,3552116.6666666665,0.09323577022151111,0,False,,0,0,12.710430397636912
Dallas,C1910,2021,2,29,360808.6666666667,3632271.6666666665,0.099334163239442,0,False,,0,0,12.796103087576865
Dallas,C1910,2021,3,30,375325.6666666667,3689224.3333333335,0.10173565843515615,0,False,,0,0,12.835549372517299
Dallas,C1910,2021,4,31,378050.3333333333,3804025.0,0.09938166372022617,0,False,,0,0,12.842782622703613
Dallas,C1910,2022,1,32,376996.0,3780756.0,0.0997144486446626,0,False,,0,0,12.839989856294284
Dallas,C1910,2022,2,33,396263.6666666667,3849326.6666666665,0.10294363170008955,0,False,,0,0,12.889835093589376
Dallas,C1910,2022,3,34,405983.3333333333,3899675.6666666665,0.10410694838126282,0,False,,0,0,12.914067386838138
Dallas,C1910,2022,4,35,402379.6666666667,3964368.3333333335,0.10149906185138365,0,False,,0,0,12.905151366338556
Dallas,C1910,2023,1,36,405097.6666666667,3934431.0,0.10296219876944511,0,False,,0,0,12.911883469279518
Dallas,C1910,2023,2,37,423277.0,3980130.0,0.10634753136204093,0,False,,0,0,12.95578209004581
Dallas,C1910,2023,3,38,425579.6666666667,3989354.3333333335,0.10667883349210311,0,False,,0,0,12.961207440179054
Dallas,C1910,2023,4,39,419655.3333333333,4040982.3333333335,0.10384983123328015,0,False,,0,0,12.94718901843375
Dallas,C1910,2024,1,40,411398.3333333333,3953706.0,0.10405385057293924,0,False,,0,0,12.927317204985528
Dallas,C1910,2024,2,41,429088.0,3995334.3333333335,0.10739726996564242,0,False,,0,0,12.969417305079368
Dallas,C1910,2024,3,42,426270.6666666667,3995752.6666666665,0.10668094404908947,0,False,,0,0,12.962829791252997
Dallas,C1910,2024,4,43,423031.0,4056669.3333333335,0.1042803751649136,0,False,,0,0,12.955200741395133
Dallas,C1910,2025,1,44,416238.3333333333,4001802.0,0.10401272560045033,0,False,,0,0,12.93901329185597
Dallas,C1910,2025,2,45,433580.6666666667,4045485.6666666665,0.10717641894994562,0,False,,0,0,12.979833140167623
Denver,C1974,2014,1,0,139977.66666666666,1287127.6666666667,0.10875196788300978,0,False,,0,0,11.849238165056642
Denver,C1974,2014,2,1,149702.33333333334,1324621.6666666667,0.11301516282007568,0,False,,0,0,11.916404157015261
Denver,C1974,2014,3,2,154160.66666666666,1341801.0,0.11489085689060201,0,False,,0,0,11.945750627590227
Denver,C1974,2014,4,3,148659.33333333334,1353620.0,0.10982353491624927,0,False,,0,0,11.909412613763198
Denver,C1974,2015,1,4,146436.33333333334,1343869.6666666667,0.10896617206678524,0,False,,0,0,11.894346028224533
Denver,C1974,2015,2,5,156536.33333333334,1377211.6666666667,0.11366178280511226,0,False,,0,0,11.961043423891281
Denver,C1974,2015,3,6,161090.0,1391438.6666666667,0.11577226065300278,0,False,,0,0,11.989718493992012
Denver,C1974,2015,4,7,155585.33333333334,1397929.3333333333,0.11129699450711387,0,False,,0,0,11.954949627500586
Denver,C1974,2016,1,8,153848.33333333334,1385234.0,0.11106306467595609,0,False,,0,0,11.943722547629003
Denver,C1974,2016,2,9,162307.0,1415612.3333333333,0.11465497733960593,0,False,,0,0,11.997244882578771
Denver,C1974,2016,3,10,167033.0,1429815.0,0.11682140696523677,0,False,,0,0,12.025946676668056
Denver,C1974,2016,4,11,160847.33333333334,1433043.3333333333,0.11224177915066538,0,False,,0,0,11.988210953936854
Denver,C1974,2017,1,12,158648.66666666666,1413169.3333333333,0.11226444200600635,0,False,,0,0,11.974447392731882
Denver,C1974,2017,2,13,168066.0,1444773.3333333333,0.11632689787556065,0,False,,0,0,12.03211203838009
Denver,C1974,2017,3,14,171918.33333333334,1456718.6666666667,0.118017526147808,0,False,,0,0,12.054774836837883
Denver,C1974,2017,4,15,166302.0,1465509.6666666667,0.11347724534513476,0,False,,0,0,12.02156069156691
Denver,C1974,2018,1,16,162782.0,1452598.0,0.11206266289778727,0,False,,0,0,12.000167161327239
Denver,C1974,2018,2,17,171778.66666666666,1484488.3333333333,0.11571574044030884,0,False,,0,0,12.053962105424139
Denver,C1974,2018,3,18,174311.0,1494401.3333333333,0.11664269571493958,0,False,,0,0,12.068596339097969
Denver,C1974,2018,4,19,168445.0,1498924.0,0.11237727863454051,0,False,,0,0,12.03436456599583
Denver,C1974,2019,1,20,165414.0,1483729.0,0.11148531841057228,0,False,,0,0,12.016206701278684
Denver,C1974,2019,2,21,174634.33333333334,1517800.6666666667,0.11505748888413542,0,False,,0,0,12.070449542995448
Denver,C1974,2019,3,22,178846.66666666666,1533664.0,0.11661398237597456,0,False,,0,0,12.094284106921458
Denver,C1974,2019,4,23,172377.33333333334,1538486.0,0.11204348517525238,0,False,,0,0,12.057441151383006
Denver,C1974,2020,1,24,167208.0,1516699.6666666667,0.11024463423762867,0,False,,0,0,12.026993825378064
Denver,C1974,2020,2,25,102216.33333333333,1368801.0,0.07467581725417598,0,False,,0,0,11.534846761333906
Denver,C1974,2020,3,26,131882.0,1430647.0,0.09218346664131682,0,False,,0,0,11.789662862372465
Denver,C1974,2020,4,27,126321.0,1454695.0,0.08683675959565407,0,False,,0,0,11.746581565300975
Denver,C1974,2021,1,28,125677.0,1448121.6666666667,0.08678621616738004,0,False,,0,0,11.741470402498203
Denver,C1974,2021,2,29,146919.66666666666,1491623.6666666667,0.09849647062451632,0,False,,0,0,11.897641231122607
Denver,C1974,2021,3,30,159198.66666666666,1513763.3333333333,0.105167474440082,0,False,,0,0,11.977908177147967
Denver,C1974,2021,4,31,158189.66666666666,1538534.0,0.10281844058478179,0,False,,0,0,11.971550014019703
Denver,C1974,2022,1,32,156702.0,1531608.0,0.10231207985333061,0,False,,0,0,11.962101191504527
Denver,C1974,2022,2,33,168681.66666666666,1572796.3333333333,0.10724952944744488,0,False,,0,0,12.035768588453529
Denver,C1974,2022,3,34,174301.0,1583072.3333333333,0.1101029917142131,0,False,,0,0,12.068538968726306
Denver,C1974,2022,4,35,169536.0,1591691.6666666667,0.10651309141741229,0,False,,0,0,12.040820572631741
Denver,C1974,2023,1,36,166955.33333333334,1574537.0,0.10603455703697871,0,False,,0,0,12.025481590553872
Denver,C1974,2023,2,37,177546.66666666666,1609841.3333333333,0.11028830170426733,0,False,,0,0,12.086988764140742
Denver,C1974,2023,3,38,181844.33333333334,1611409.3333333333,0.11284800799631296,0,False,,0,0,12.11090628871616
Denver,C1974,2023,4,39,174683.0,1617977.3333333333,0.10796381160675511,0,False,,0,0,12.070728181713529
Denver,C1974,2024,1,40,166929.66666666666,1585233.0,0.105302921820746,0,False,,0,0,12.025327845002455
Denver,C1974,2024,2,41,178015.33333333334,1613170.6666666667,0.11035120896487084,0,False,,0,0,12.089624967886284
Denver,C1974,2024,3,42,180469.33333333334,1617581.3333333333,0.11156739362307182,0,False,,0,0,12.103316143890414
Denver,C1974,2024,4,43,172921.33333333334,1615998.3333333333,0.10700588593841373,0,False,,0,0,12.060592049446575
Denver,C1974,2025,1,44,168057.0,1589987.3333333333,0.10569706844624759,0,False,,0,0,12.0320584865553
Denver,C1974,2025,2,45,176338.66666666666,1610297.0,0.10950692118700256,0,False,,0,0,12.080161667461626
Detroit,C1982,2014,1,0,170553.0,1767928.6666666667,0.09647052124652088,0,False,,0,0,12.046801377841604
Detroit,C1982,2014,2,1,183889.0,1811292.3333333333,0.10152364508802832,0,False,,0,0,12.122087593686505
Detroit,C1982,2014,3,2,185857.33333333334,1811252.6666666667,0.10261259334699853,0,False,,0,0,12.13273463329148
Detroit,C1982,2014,4,3,180950.0,1840302.3333333333,0.09832623516389608,0,False,,0,0,12.105976028991888
Detroit,C1982,2015,1,4,175703.33333333334,1801308.0,0.09754208238309792,0,False,,0,0,12.076552245727347
Detroit,C1982,2015,2,5,187355.66666666666,1849088.3333333333,0.10132326470792363,0,False,,0,0,12.140764050183778
Detroit,C1982,2015,3,6,190053.0,1845423.6666666667,0.10298610743585349,0,False,,0,0,12.15505825961246
Detroit,C1982,2015,4,7,184930.33333333334,1870126.0,0.09888656343654563,0,False,,0,0,12.12773445656112
Detroit,C1982,2016,1,8,182391.66666666666,1835428.6666666667,0.09937278957177305,0,False,,0,0,12.113911668444176
Detroit,C1982,2016,2,9,193507.33333333334,1882810.6666666667,0.1027757791896937,0,False,,0,0,12.173070689097328
Detroit,C1982,2016,3,10,196182.66666666666,1891503.3333333333,0.1037178540525966,0,False,,0,0,12.18680147698477
Detroit,C1982,2016,4,11,190053.0,1903237.3333333333,0.09985775114401567,0,False,,0,0,12.15505825961246
Detroit,C1982,2017,1,12,186812.0,1867316.0,0.10004305645107738,0,False,,0,0,12.137858042542284
Detroit,C1982,2017,2,13,197593.0,1910874.3333333333,0.1034044973827862,0,False,,0,0,12.193964638567206
Detroit,C1982,2017,3,14,200236.0,1907925.0,0.10494961804054143,0,False,,0,0,12.207251949877367
Detroit,C1982,2017,4,15,193330.66666666666,1917275.3333333333,0.10083615185855761,0,False,,0,0,12.172157300655918
Detroit,C1982,2018,1,16,187682.33333333334,1884628.0,0.0995858776020166,0,False,,0,0,12.142506096319256
Detroit,C1982,2018,2,17,198382.0,1925519.3333333333,0.10302778921288422,0,False,,0,0,12.197949743910623
Detroit,C1982,2018,3,18,200745.0,1926570.3333333333,0.10419811648021848,0,False,,0,0,12.209790724898584
Detroit,C1982,2018,4,19,195035.33333333334,1941643.0,0.10044860632636038,0,False,,0,0,12.180936017712963
Detroit,C1982,2019,1,20,190607.33333333334,1904399.0,0.10008791925081527,0,False,,0,0,12.157970744453351
Detroit,C1982,2019,2,21,201409.66666666666,1951431.6666666667,0.10321123209541028,0,False,,0,0,12.213096255466633
Detroit,C1982,2019,3,22,203085.66666666666,1949113.3333333333,0.10419387276949861,0,False,,0,0,12.221383172289654
Detroit,C1982,2019,4,23,196343.33333333334,1958714.3333333333,0.1002409233403612,0,False,,0,0,12.187620106454611
Detroit,C1982,2020,1,24,188775.33333333334,1913649.3333333333,0.09864677401711355,0,False,,0,0,12.148312874440606
Detroit,C1982,2020,2,25,99970.66666666667,1545184.0,0.06469822795645482,0,False,,0,0,11.512632088606258
Detroit,C1982,2020,3,26,143517.0,1757787.6666666667,0.08164638011834194,0,False,,0,0,11.874208774064119
Detroit,C1982,2020,4,27,136729.33333333334,1803856.0,0.0757983638013973,0,False,,0,0,11.825758581501972
Detroit,C1982,2021,1,28,131340.33333333334,1776217.3333333333,0.07394384170705838,0,False,,0,0,11.785547197683979
Detroit,C1982,2021,2,29,153422.33333333334,1819550.6666666667,0.08431880251754463,0,False,,0,0,11.940949746192663
Detroit,C1982,2021,3,30,165181.0,1839416.3333333333,0.08980076832343013,0,False,,0,0,12.014797121348078
Detroit,C1982,2021,4,31,164726.0,1877681.3333333333,0.08772841113969641,0,False,,0,0,12.012038766487528
Detroit,C1982,2022,1,32,162660.66666666666,1854667.3333333333,0.08770341922954017,0,False,,0,0,11.999421510240996
Detroit,C1982,2022,2,33,177616.66666666666,1895610.3333333333,0.09369893355367867,0,False,,0,0,12.087382948980993
Detroit,C1982,2022,3,34,182468.66666666666,1898646.6666666667,0.09610459379838972,0,False,,0,0,12.114333747766636
Detroit,C1982,2022,4,35,177347.0,1910382.3333333333,0.09283324960954588,0,False,,0,0,12.085863544355284
Detroit,C1982,2023,1,36,175066.66666666666,1881228.6666666667,0.09305974854022707,0,False,,0,0,12.072922132742669
Detroit,C1982,2023,2,37,188100.66666666666,1925990.3333333333,0.09766438772364901,0,False,,0,0,12.144732559496912
Detroit,C1982,2023,3,38,189565.33333333334,1924628.6666666667,0.09849449746669747,0,False,,0,0,12.152489011016675
Detroit,C1982,2023,4,39,181407.66666666666,1921636.6666666667,0.09440268798645599,0,False,,0,0,12.108502079643657
Detroit,C1982,2024,1,40,177102.66666666666,1888385.0,0.09378525388978766,0,False,,0,0,12.084484881063926
Detroit,C1982,2024,2,41,191173.66666666666,1929952.0,0.09905617687210182,0,False,,0,0,12.16093754347548
Detroit,C1982,2024,3,42,192227.66666666666,1920679.6666666667,0.10008314764964277,0,False,,0,0,12.166435712436055
Detroit,C1982,2024,4,43,185462.0,1918222.6666666667,0.096684291778431,0,False,,0,0,12.13060528829262
Detroit,C1982,2025,1,44,180865.33333333334,1874392.6666666667,0.09649276619022197,0,False,,0,0,12.105508018598675
Detroit,C1982,2025,2,45,194449.0,1918208.6666666667,0.10137009772659422,0,False,,0,0,12.17792519686046
Houston,C2642,2014,1,0,274833.3333333333,2773890.3333333335,0.09907865860113911,1,False,12.0,1,0,12.52392013231368
Houston,C2642,2014,2,1,289671.3333333333,2825691.0,0.10251345010241152,1,False,12.0,1,0,12.576502225921454
Houston,C2642,2014,3,2,290029.3333333333,2840858.3333333335,0.10209214937973557,1,False,12.0,1,0,12.577737346272686
Houston,C2642,2014,4,3,286281.3333333333,2895431.0,0.09887347801875897,1,False,12.0,1,0,12.564730289286613
Houston,C2642,2015,1,4,287485.3333333333,2869683.6666666665,0.10018014761441185,1,False,12.0,1,0,12.568927123425505
Houston,C2642,2015,2,5,302423.0,2890773.6666666665,0.10461663031153945,1,False,12.0,1,0,12.619581978596296
Houston,C2642,2015,3,6,304476.3333333333,2885369.3333333335,0.1055242148087801,1,False,12.0,1,0,12.626348640068256
Houston,C2642,2015,4,7,300632.0,2906629.3333333335,0.10342976882271882,1,False,12.0,1,0,12.61364220439436
Houston,C2642,2016,1,8,303613.6666666667,2872548.0,0.10569489758453704,1,False,12.0,1,0,12.623511338861553
Houston,C2642,2016,2,9,315790.3333333333,2883790.6666666665,0.10950529002798631,1,False,12.0,1,0,12.662833770244406
Houston,C2642,2016,3,10,314998.0,2870010.6666666665,0.10975499278051465,1,False,12.0,1,0,12.660321568581265
Houston,C2642,2016,4,11,307332.6666666667,2889025.0,0.10637937251033365,1,False,12.0,1,0,12.635686044670871
Houston,C2642,2017,1,12,308961.3333333333,2868344.6666666665,0.10771415894463636,1,False,12.0,1,1,12.640971413206284
Houston,C2642,2017,2,13,319856.0,2905324.3333333335,0.1100930441156713,1,False,12.0,1,1,12.675626173495525
Houston,C2642,2017,3,14,318032.0,2894107.6666666665,0.10988948464598704,1,False,12.0,1,1,12.66990728563038
Houston,C2642,2017,4,15,312529.3333333333,2938662.3333333335,0.10635088277693693,1,False,12.0,1,1,12.65245361042006
Houston,C2642,2018,1,16,314975.6666666667,2922076.3333333335,0.10779173119935608,1,False,12.0,1,1,12.66025066614669
Houston,C2642,2018,2,17,327509.0,2961408.6666666665,0.11059230145653656,1,False,12.0,1,1,12.69927081459588
Houston,C2642,2018,3,18,329322.3333333333,2967343.0,0.1109822266361972,1,False,12.0,1,1,12.704792286694358
Houston,C2642,2018,4,19,323802.6666666667,3013873.6666666665,0.10743737212608227,1,False,12.0,1,1,12.6878895557281
Houston,C2642,2019,1,20,324529.3333333333,2999767.0,0.10818484680087931,1,False,12.0,1,1,12.690131206521082
Houston,C2642,2019,2,21,336219.6666666667,3031486.0,0.11090919326913161,1,False,12.0,1,1,12.725519995172206
Houston,C2642,2019,3,22,336758.3333333333,3032567.0,0.11104728546255806,1,False,12.0,1,1,12.727120840316339
Houston,C2642,2019,4,23,331986.6666666667,3069623.3333333335,0.10815224886441008,1,False,12.0,1,1,12.712850086449595
Houston,C2642,2020,1,24,329932.0,3048593.3333333335,0.10822433953145603,1,False,12.0,1,1,12.706641851603198
Houston,C2642,2020,2,25,242143.0,2774462.0,0.08727565920888446,1,False,12.0,1,1,12.397283739711702
Houston,C2642,2020,3,26,266375.0,2815768.0,0.09460118873429914,1,False,12.0,1,1,12.492660369400918
Houston,C2642,2020,4,27,282819.6666666667,2887826.6666666665,0.09793512537686935,1,False,12.0,1,1,12.552564753255128
Houston,C2642,2021,1,28,284173.6666666667,2870939.0,0.09898282989177641,1,False,12.0,1,1,12.557340832599387
Houston,C2642,2021,2,29,309047.0,2926849.0,0.10559034647841416,1,False,12.0,1,1,12.64124864787318
Houston,C2642,2021,3,30,319220.3333333333,2960234.3333333335,0.10783617017706817,1,False,12.0,1,1,12.673636843447937
Houston,C2642,2021,4,31,320799.0,3046932.0,0.10528590726671944,1,False,12.0,1,1,12.678570037762656
Houston,C2642,2022,1,32,323015.6666666667,3032228.6666666665,0.10652747605006924,1,False,12.0,1,1,12.685456104640503
Houston,C2642,2022,2,33,340514.3333333333,3088259.3333333335,0.11026092584193598,1,False,12.0,1,1,12.738212498644131
Houston,C2642,2022,3,34,342711.0,3115289.0,0.11000937633715524,1,False,12.0,1,1,12.744642805392505
Houston,C2642,2022,4,35,339090.3333333333,3176373.6666666665,0.10675391780626986,1,False,12.0,1,1,12.734021820875594
Houston,C2642,2023,1,36,343223.6666666667,3171777.0,0.108211790004993,1,False,12.0,1,1,12.746137603037353
Houston,C2642,2023,2,37,356903.6666666667,3208049.0,0.11125256087630415,1,False,12.0,1,1,12.785221183078228
Houston,C2642,2023,3,38,356866.6666666667,3206284.3333333335,0.11130225194209746,1,False,12.0,1,1,12.785117508273308
Houston,C2642,2023,4,39,352488.3333333333,3251183.3333333335,0.10841847327383362,1,False,12.0,1,1,12.77277280376003
Houston,C2642,2024,1,40,352499.3333333333,3231165.0,0.10909357254529971,1,False,12.0,1,1,12.772804009979717
Houston,C2642,2024,2,41,366385.6666666667,3258161.3333333335,0.11245166496768526,1,False,12.0,1,1,12.811441791657396
Houston,C2642,2024,3,42,361199.3333333333,3236592.6666666665,0.11159863799151741,1,False,12.0,1,1,12.797185254823743
Houston,C2642,2024,4,43,359521.6666666667,3293667.6666666665,0.10915541671225078,1,False,12.0,1,1,12.792529723219122
Houston,C2642,2025,1,44,357454.0,3271576.3333333335,0.10926047983596898,1,False,12.0,1,1,12.786761961508663
Houston,C2642,2025,2,45,369333.3333333333,3299486.3333333335,0.11193661558834561,1,False,12.0,1,1,12.819454857621256
Las Vegas,C2982,2014,1,0,270389.3333333333,854560.0,0.3164076639830244,1,False,40.0,1,0,12.507618174641108
Las Vegas,C2982,2014,2,1,280308.0,873120.6666666666,0.32104153606870683,1,False,40.0,1,0,12.543644277594687
Las Vegas,C2982,2014,3,2,282549.0,872738.3333333334,0.3237499594189171,1,False,40.0,1,0,12.551607265855123
Las Vegas,C2982,2014,4,3,280771.6666666667,894797.0,0.3137825301902741,1,False,40.0,1,0,12.54529704385859
Las Vegas,C2982,2015,1,4,279079.0,892916.3333333334,0.31254776016715263,1,False,40.0,1,0,12.539250174844804
Las Vegas,C2982,2015,2,5,284957.3333333333,907447.3333333334,0.3140207953299034,1,False,40.0,1,0,12.560094740441146
Las Vegas,C2982,2015,3,6,283440.3333333333,905063.3333333334,0.3131718222297518,1,False,40.0,1,0,12.55475691556651
Las Vegas,C2982,2015,4,7,281781.0,927000.0,0.30397087378640775,1,False,40.0,1,0,12.548885452468882
Las Vegas,C2982,2016,1,8,280229.3333333333,920019.3333333334,0.3045907006302041,1,False,40.0,1,0,12.54336359453397
Las Vegas,C2982,2016,2,9,288068.6666666667,935490.6666666666,0.3079332343240909,1,False,40.0,1,0,12.570954156625065
Las Vegas,C2982,2016,3,10,288745.3333333333,937947.0,0.30784824018130375,1,False,40.0,1,0,12.573300379071378
Las Vegas,C2982,2016,4,11,285554.0,952541.6666666666,0.29978111193736057,1,False,40.0,1,0,12.56218643204953
Las Vegas,C2982,2017,1,12,286012.6666666667,949970.3333333334,0.30107536691496684,1,False,40.0,1,0,12.563791377865549
Las Vegas,C2982,2017,2,13,291446.3333333333,960864.3333333334,0.30331684008113524,1,False,40.0,1,0,12.582611162620267
Las Vegas,C2982,2017,3,14,289800.0,966315.3333333334,0.29990210235030246,1,False,40.0,1,0,12.576946308868719
Las Vegas,C2982,2017,4,15,287308.0,980825.0,0.29292483368592764,1,False,40.0,1,0,12.568310090037413
Las Vegas,C2982,2018,1,16,287519.6666666667,977101.6666666666,0.2942576770414543,1,False,40.0,1,0,12.569046542677073
Las Vegas,C2982,2018,2,17,292996.0,991202.3333333334,0.2955965600027172,1,False,40.0,1,0,12.587914236028883
Las Vegas,C2982,2018,3,18,292770.6666666667,999245.3333333334,0.2929917777949759,1,False,40.0,1,0,12.587144873901364
Las Vegas,C2982,2018,4,19,291146.6666666667,1016073.0,0.2865410916997762,1,False,40.0,1,0,12.581582428347476
Las Vegas,C2982,2019,1,20,291883.6666666667,1010395.6666666666,0.28888056065165235,1,False,40.0,1,0,12.584110600040843
Las Vegas,C2982,2019,2,21,296117.0,1021848.3333333334,0.28978566617028945,1,False,40.0,1,0,12.598509925477753
Las Vegas,C2982,2019,3,22,294116.3333333333,1025469.3333333334,0.286811437234593,1,False,40.0,1,0,12.591730659665517
Las Vegas,C2982,2019,4,23,291629.0,1044290.3333333334,0.27926046109143976,1,False,40.0,1,0,12.583237725474842
Las Vegas,C2982,2020,1,24,288973.0,1032219.6666666666,0.27995300741864054,1,False,40.0,1,0,12.57408853712459
Las Vegas,C2982,2020,2,25,145297.0,782687.6666666666,0.1856385454734392,1,False,40.0,1,0,11.886535202407853
Las Vegas,C2982,2020,3,26,191507.0,867850.0,0.22066831825776345,1,False,40.0,1,0,12.162679640459578
Las Vegas,C2982,2020,4,27,200381.66666666666,903461.6666666666,0.22179321387920903,1,False,40.0,1,0,12.207979160308689
Las Vegas,C2982,2021,1,28,200050.66666666666,897946.3333333334,0.2227868851850463,1,False,40.0,1,0,12.206325946780037
Las Vegas,C2982,2021,2,29,232524.33333333334,947425.6666666666,0.24542752166660747,1,False,40.0,1,0,12.356750158031332
Las Vegas,C2982,2021,3,30,256462.66666666666,987752.6666666666,0.2596425960884945,1,False,40.0,1,0,12.454738383941839
Las Vegas,C2982,2021,4,31,263148.6666666667,1024504.3333333334,0.25685461554904765,1,False,40.0,1,0,12.480474423950417
Las Vegas,C2982,2022,1,32,262085.33333333334,1024789.6666666666,0.2557454879358984,1,False,40.0,1,0,12.476425429460132
Las Vegas,C2982,2022,2,33,275283.3333333333,1054132.6666666667,0.2611467626781954,1,False,40.0,1,0,12.525556149281126
Las Vegas,C2982,2022,3,34,279383.3333333333,1064869.3333333333,0.2623639582696844,1,False,40.0,1,0,12.540340072391315
Las Vegas,C2982,2022,4,35,280923.6666666667,1083263.0,0.2593309904119929,1,False,40.0,1,0,12.545838262539572
Las Vegas,C2982,2023,1,36,278469.3333333333,1081648.3333333333,0.2574490476726108,1,False,40.0,1,0,12.537063218582148
Las Vegas,C2982,2023,2,37,286936.6666666667,1093799.0,0.2623303428387361,1,False,40.0,1,0,12.56701679675444
Las Vegas,C2982,2023,3,38,287110.3333333333,1097256.6666666667,0.2616619630168572,1,False,40.0,1,0,12.567621857566413
Las Vegas,C2982,2023,4,39,290625.3333333333,1120105.0,0.25946258014501616,1,False,40.0,1,0,12.579790202276506
Las Vegas,C2982,2024,1,40,295096.6666666667,1114192.3333333333,0.26485253742845716,1,False,40.0,1,1,12.595058265261226
Las Vegas,C2982,2024,2,41,302003.0,1126298.3333333333,0.26813766038897335,1,False,40.0,1,1,12.618192230082501
Las Vegas,C2982,2024,3,42,298637.0,1120919.3333333333,0.2664214909309561,1,False,40.0,1,1,12.606984067998228
Las Vegas,C2982,2024,4,43,297800.6666666667,1137677.6666666667,0.26176189916710446,1,False,40.0,1,1,12.604179637868448
Las Vegas,C2982,2025,1,44,293807.0,1122214.0,0.2618101360346601,1,False,40.0,1,1,12.590678368169876
Las Vegas,C2982,2025,2,45,299689.0,1134864.3333333333,0.2640747366865878,1,False,40.0,1,1,12.610500549261133
Los Angeles,C3108,2014,1,0,635595.0,5560029.666666667,0.11431503752767745,1,False,32.0,1,0,13.362316847031
Los Angeles,C3108,2014,2,1,659857.6666666666,5620617.333333333,0.11739950036330529,1,False,32.0,1,0,13.399779434179731
Los Angeles,C3108,2014,3,2,668206.0,5598862.0,0.11934675296515614,1,False,32.0,1,0,13.41235178821198
Los Angeles,C3108,2014,4,3,665386.0,5727732.0,0.11616919227366085,1,False,32.0,1,0,13.408122602369216
Los Angeles,C3108,2015,1,4,663133.6666666666,5675575.333333333,0.1168399021632227,1,False,32.0,1,0,13.404731857696335
Los Angeles,C3108,2015,2,5,686174.0,5743215.666666667,0.11947557602311874,1,False,32.0,1,0,13.43888651886061
Los Angeles,C3108,2015,3,6,697881.6666666666,5747518.333333333,0.12142313015675461,1,False,32.0,1,0,13.455804835376156
Los Angeles,C3108,2015,4,7,699615.0,5888703.666666667,0.11880628396368617,1,False,32.0,1,0,13.45828546272006
Los Angeles,C3108,2016,1,8,695385.0,5840444.666666667,0.11906370827700676,1,False,32.0,1,0,13.452220928004015
Los Angeles,C3108,2016,2,9,718233.0,5906686.0,0.12159661102689392,1,False,32.0,1,0,13.484549307922377
Los Angeles,C3108,2016,3,10,726215.6666666666,5879731.666666667,0.12351170220636484,1,False,32.0,1,0,13.49560231121723
Los Angeles,C3108,2016,4,11,725654.3333333334,5989501.0,0.12115438887702554,1,False,32.0,1,0,13.494829055538274
Los Angeles,C3108,2017,1,12,712327.6666666666,5898629.666666667,0.12076155088902285,1,False,32.0,1,0,13.476293290524323
Los Angeles,C3108,2017,2,13,741157.3333333334,5968732.0,0.12417333084034153,1,False,32.0,1,0,13.515968207426326
Los Angeles,C3108,2017,3,14,748787.6666666666,5962967.333333333,0.12557299492165588,1,False,32.0,1,0,13.526210733212153
Los Angeles,C3108,2017,4,15,745221.0,6074084.666666667,0.12268860921376686,1,False,32.0,1,0,13.52143609766678
Los Angeles,C3108,2018,1,16,739593.3333333334,6028362.666666667,0.12268560705925236,1,False,32.0,1,0,13.513855764573105
Los Angeles,C3108,2018,2,17,760424.6666666666,6057248.0,0.12553962899763502,1,False,32.0,1,0,13.541632328137434
Los Angeles,C3108,2018,3,18,765893.0,6044513.666666667,0.1267087878754624,1,False,32.0,1,0,13.548797752281562
Los Angeles,C3108,2018,4,19,765524.3333333334,6160961.0,0.12425404629786382,1,False,32.0,1,0,13.548316281077385
Los Angeles,C3108,2019,1,20,754549.6666666666,6111771.333333333,0.12345842563699755,1,False,32.0,1,0,13.533876382282191
Los Angeles,C3108,2019,2,21,777883.0,6146632.666666667,0.12655433343503308,1,False,32.0,1,0,13.564331406247367
Los Angeles,C3108,2019,3,22,780331.0,6128933.666666667,0.1273192112102589,1,False,32.0,1,0,13.567473467625328
Los Angeles,C3108,2019,4,23,781861.6666666666,6254566.333333333,0.12500653522527727,1,False,32.0,1,0,13.56943310703366
Los Angeles,C3108,2020,1,24,760323.3333333334,6171273.0,0.12320364588203007,1,False,32.0,1,0,13.541499060385664
Los Angeles,C3108,2020,2,25,447265.6666666667,5254087.666666667,0.08512718002484795,1,False,32.0,1,0,13.010908029637662
Los Angeles,C3108,2020,3,26,489667.6666666667,5389327.0,0.09085877822345288,1,False,32.0,1,0,13.101482208691401
Los Angeles,C3108,2020,4,27,519178.6666666667,5636125.333333333,0.09211623872097476,1,False,32.0,1,0,13.160003354673199
Los Angeles,C3108,2021,1,28,487994.0,5581507.333333333,0.08743050413741282,1,False,32.0,1,0,13.098058389677732
Los Angeles,C3108,2021,2,29,600554.6666666666,5752887.333333333,0.1043918700070724,1,False,32.0,1,0,13.305608951607123
Los Angeles,C3108,2021,3,30,668453.3333333334,5851044.666666667,0.114245125685248,1,False,32.0,1,0,13.412721865059519
Los Angeles,C3108,2021,4,31,696527.3333333334,6056202.333333333,0.11501057841143243,1,False,32.0,1,0,13.453862315270218
Los Angeles,C3108,2022,1,32,689725.0,6030196.0,0.11437853761303944,1,False,32.0,1,1,13.444048246406355
Los Angeles,C3108,2022,2,33,728384.3333333334,6108749.666666667,0.11923623868692387,1,False,32.0,1,1,13.498584118275526
Los Angeles,C3108,2022,3,34,743936.6666666666,6114625.333333333,0.12166512682488695,1,False,32.0,1,1,13.519711184743823
Los Angeles,C3108,2022,4,35,748557.0,6201764.0,0.12070065871581054,1,False,32.0,1,1,13.52590263224699
Los Angeles,C3108,2023,1,36,739039.6666666666,6081506.666666667,0.1215224626353557,1,False,32.0,1,1,13.513106874628752
Los Angeles,C3108,2023,2,37,763655.3333333334,6114963.666666667,0.12488305327079893,1,False,32.0,1,1,13.545871831976473
Los Angeles,C3108,2023,3,38,770895.6666666666,6076379.666666667,0.12686759369161646,1,False,32.0,1,1,13.555308321296085
Los Angeles,C3108,2023,4,39,769032.6666666666,6190270.666666667,0.12423247836443553,1,False,32.0,1,1,13.552888726996047
Los Angeles,C3108,2024,1,40,755725.0,6172454.0,0.12243509631663517,1,False,32.0,1,1,13.535432832372429
Los Angeles,C3108,2024,2,41,770119.3333333334,6167336.0,0.12487066268699053,1,False,32.0,1,1,13.55430076017694
Los Angeles,C3108,2024,3,42,773698.3333333334,6149514.666666667,0.12581453582461574,1,False,32.0,1,1,13.558937326384177
Los Angeles,C3108,2024,4,43,775065.3333333334,6258642.666666667,0.12383920517803435,1,False,32.0,1,1,13.560702605857617
Los Angeles,C3108,2025,1,44,749729.6666666666,6148608.0,0.121934861787687,1,False,32.0,1,1,13.527467976092336
Los Angeles,C3108,2025,2,45,770027.6666666666,6187830.0,0.12444227890337431,1,False,32.0,1,1,13.554181723920303
Miami,C3310,2014,1,0,295626.3333333333,2308844.0,0.128040843527468,1,False,24.0,1,0,12.596851548436627
Miami,C3310,2014,2,1,296784.6666666667,2318490.0,0.1280077406702926,1,False,24.0,1,0,12.600762126766522
Miami,C3310,2014,3,2,288094.3333333333,2304854.0,0.12499461281857042,1,False,24.0,1,0,12.571043251782802
Miami,C3310,2014,4,3,298878.3333333333,2388097.3333333335,0.12515332987544336,1,False,24.0,1,0,12.607791857633048
Miami,C3310,2015,1,4,305924.0,2387531.0,0.12813404307629933,1,False,24.0,1,0,12.6310919840735
Miami,C3310,2015,2,5,304076.3333333333,2389884.0,0.12723476676413303,1,False,24.0,1,0,12.625034045360138
Miami,C3310,2015,3,6,298262.0,2378953.0,0.12537532267346183,1,False,24.0,1,0,12.6057275738532
Miami,C3310,2015,4,7,309957.3333333333,2469143.0,0.12553235407318786,1,False,24.0,1,0,12.644189932580243
Miami,C3310,2016,1,8,320895.6666666667,2465307.6666666665,0.130164551469776,1,False,24.0,1,0,12.678871323319227
Miami,C3310,2016,2,9,319531.3333333333,2467172.0,0.12951319702612274,1,False,24.0,1,0,12.674610617892075
Miami,C3310,2016,3,10,310600.0,2449896.3333333335,0.1267808746737447,1,False,24.0,1,0,12.646261189696723
Miami,C3310,2016,4,11,318168.3333333333,2518705.6666666665,0.12632215726675486,1,False,24.0,1,0,12.670335871810792
Miami,C3310,2017,1,12,324153.3333333333,2520087.3333333335,0.12862781739574633,1,False,24.0,1,0,12.688971933855322
Miami,C3310,2017,2,13,324690.0,2520253.0,0.12883230374093393,1,False,24.0,1,0,12.690626159957302
Miami,C3310,2017,3,14,310327.6666666667,2473947.3333333335,0.12543826721183232,1,False,24.0,1,0,12.645384007488827
Miami,C3310,2017,4,15,319802.6666666667,2552692.3333333335,0.12528053713745632,1,False,24.0,1,0,12.67545941789215
Miami,C3310,2018,1,16,328708.0,2557618.6666666665,0.12852111391116947,1,False,24.0,1,0,12.702925097658543
Miami,C3310,2018,2,17,326003.0,2551608.3333333335,0.12776373071886032,1,False,24.0,1,0,12.69466186276049
Miami,C3310,2018,3,18,319045.3333333333,2536528.0,0.12578033175006675,1,False,24.0,1,0,12.673088482433004
Miami,C3310,2018,4,19,326569.0,2606240.0,0.12530273497452268,1,False,24.0,1,0,12.6963965376835
Miami,C3310,2019,1,20,333968.6666666667,2599015.6666666665,0.12849813525556536,1,False,24.0,1,0,12.718802455182932
Miami,C3310,2019,2,21,332286.6666666667,2592265.0,0.12818391123849865,1,False,24.0,1,0,12.713753329152086
Miami,C3310,2019,3,22,323042.3333333333,2576834.6666666665,0.12536401248870707,1,False,24.0,1,0,12.685538656568292
Miami,C3310,2019,4,23,331519.6666666667,2649749.3333333335,0.12511359565080873,1,False,24.0,1,0,12.71144241314294
Miami,C3310,2020,1,24,335794.3333333333,2626751.0,0.1278363778421835,1,False,24.0,1,1,12.724254148359108
Miami,C3310,2020,2,25,198538.0,2273953.6666666665,0.08730960657216558,1,False,24.0,1,1,12.198735796556155
Miami,C3310,2020,3,26,226541.0,2346690.0,0.09653639807558731,1,False,24.0,1,1,12.330681222976445
Miami,C3310,2020,4,27,251177.66666666666,2444787.3333333335,0.10274008836760443,1,False,24.0,1,1,12.433915803042016
Miami,C3310,2021,1,28,266966.0,2470436.0,0.1080643254874848,1,False,24.0,1,1,12.494876588449886
Miami,C3310,2021,2,29,283782.6666666667,2498554.0,0.11357876062181033,1,False,24.0,1,1,12.555963965967843
Miami,C3310,2021,3,30,291318.6666666667,2524036.6666666665,0.11541776334469522,1,False,24.0,1,1,12.58217302145287
Miami,C3310,2021,4,31,303363.0,2619388.3333333335,0.11581444268477437,1,False,24.0,1,1,12.622685387240402
Miami,C3310,2022,1,32,312152.3333333333,2619725.3333333335,0.11915460348514907,1,False,24.0,1,1,12.651246595500663
Miami,C3310,2022,2,33,320606.6666666667,2646976.6666666665,0.12112183333690137,1,False,24.0,1,1,12.677970313285329
Miami,C3310,2022,3,34,315766.6666666667,2653751.3333333335,0.1189887924691261,1,False,24.0,1,1,12.662758823195515
Miami,C3310,2022,4,35,325192.6666666667,2725959.0,0.11929477540442343,1,False,24.0,1,1,12.69217310617603
Miami,C3310,2023,1,36,334615.0,2725652.6666666665,0.12276509185934428,1,False,24.0,1,1,12.720735896177382
Miami,C3310,2023,2,37,337673.3333333333,2737781.3333333335,0.12333831384634564,1,False,24.0,1,1,12.729834237704438
Miami,C3310,2023,3,38,328053.6666666667,2729796.6666666665,0.120175129038915,1,False,24.0,1,1,12.700932491868514
Miami,C3310,2023,4,39,338832.6666666667,2803843.3333333335,0.12084579143152316,1,False,24.0,1,1,12.733261655844831
Miami,C3310,2024,1,40,349082.3333333333,2786943.3333333335,0.12525634416678724,1,False,24.0,1,1,12.763063085491568
Miami,C3310,2024,2,41,349245.3333333333,2783632.0,0.12546390231658974,1,False,24.0,1,1,12.763529915063819
Miami,C3310,2024,3,42,334934.0,2764642.6666666665,0.12114911053001666,1,False,24.0,1,1,12.72168877647184
Miami,C3310,2024,4,43,344314.0,2820696.3333333335,0.12206702151206397,1,False,24.0,1,1,12.749309310713116
Miami,C3310,2025,1,44,354515.0,2821110.6666666665,0.12566504539819542,1,False,24.0,1,1,12.778505937176211
Miami,C3310,2025,2,45,353699.0,2815386.3333333335,0.1256307156898183,1,False,24.0,1,1,12.77620154793484
Minneapolis,C3346,2014,1,0,163637.0,1753093.3333333333,0.09334186428560563,1,False,16.0,1,0,12.00540583894935
Minneapolis,C3346,2014,2,1,177310.66666666666,1804604.0,0.09825461246160745,1,False,16.0,1,0,12.085658651937186
Minneapolis,C3346,2014,3,2,181960.33333333334,1804389.3333333333,0.10084316614596112,1,False,16.0,1,0,12.11154399358671
Minneapolis,C3346,2014,4,3,170510.33333333334,1824545.6666666667,0.09345358488332346,1,False,16.0,1,0,12.04655117992984
Minneapolis,C3346,2015,1,4,166869.0,1787999.3333333333,0.09332721600567338,1,False,16.0,1,0,12.024964352434072
Minneapolis,C3346,2015,2,5,180763.0,1844169.3333333333,0.0980186562766832,1,False,16.0,1,0,12.10494205997966
Minneapolis,C3346,2015,3,6,186096.33333333334,1838822.6666666667,0.10120406753016604,1,False,16.0,1,0,12.134019739767426
Minneapolis,C3346,2015,4,7,176180.66666666666,1857258.0,0.09486063146136221,1,False,16.0,1,0,12.079265262665405
Minneapolis,C3346,2016,1,8,171626.33333333334,1820754.3333333333,0.09426111485294648,1,False,16.0,1,0,12.053074911916035
Minneapolis,C3346,2016,2,9,184691.66666666666,1869738.6666666667,0.09877940161334489,1,False,16.0,1,0,12.126443046959764
Minneapolis,C3346,2016,3,10,191295.0,1876393.6666666667,0.10194822301858832,1,False,16.0,1,0,12.16157201812911
Minneapolis,C3346,2016,4,11,180000.66666666666,1889546.0,0.09526133085231407,1,False,16.0,1,0,12.100715833569192
Minneapolis,C3346,2017,1,12,177533.66666666666,1862453.6666666667,0.09532246081826465,1,False,16.0,1,0,12.086915541273772
Minneapolis,C3346,2017,2,13,190357.66666666666,1904071.3333333333,0.0999740205811617,1,False,16.0,1,0,12.156660037682862
Minneapolis,C3346,2017,3,14,195419.66666666666,1901475.3333333333,0.1027726540759754,1,False,16.0,1,0,12.182904661769046
Minneapolis,C3346,2017,4,15,182929.0,1917319.0,0.09540874523227486,1,False,16.0,1,0,12.11685337839849
Minneapolis,C3346,2018,1,16,181191.33333333334,1892763.0,0.09572848440789118,1,False,16.0,1,1,12.107308842160919
Minneapolis,C3346,2018,2,17,192184.0,1929473.6666666667,0.09960436533555524,1,False,16.0,1,1,12.166208525435032
Minneapolis,C3346,2018,3,18,197530.0,1929890.3333333333,0.10235296617027116,1,False,16.0,1,1,12.193645750522046
Minneapolis,C3346,2018,4,19,186172.33333333334,1944174.0,0.0957590901500243,1,False,16.0,1,1,12.134428047035058
Minneapolis,C3346,2019,1,20,182305.66666666666,1906855.6666666667,0.095605383172682,1,False,16.0,1,1,12.113440044476937
Minneapolis,C3346,2019,2,21,193486.66666666666,1950325.0,0.09920739705775533,1,False,16.0,1,1,12.17296388296242
Minneapolis,C3346,2019,3,22,199128.33333333334,1946125.3333333333,0.10232040553743028,1,False,16.0,1,1,12.201704786975984
Minneapolis,C3346,2019,4,23,188094.66666666666,1955786.0,0.09617343956172437,1,False,16.0,1,1,12.144700661174584
Minneapolis,C3346,2020,1,24,181476.33333333334,1918404.6666666667,0.09459752495736909,1,False,16.0,1,1,12.108880529327227
Minneapolis,C3346,2020,2,25,100233.33333333333,1697230.6666666667,0.05905698930728724,1,False,16.0,1,1,11.515256080308511
Minneapolis,C3346,2020,3,26,140516.0,1775971.3333333333,0.07912064646689117,1,False,16.0,1,1,11.853076640275775
Minneapolis,C3346,2020,4,27,125488.66666666667,1811496.3333333333,0.06927348643083095,1,False,16.0,1,1,11.739970728031306
Minneapolis,C3346,2021,1,28,128108.33333333333,1789283.6666666667,0.07159755365787909,1,False,16.0,1,1,11.76063153911269
Minneapolis,C3346,2021,2,29,152610.66666666666,1848528.0,0.0825579415982158,1,False,16.0,1,1,11.935645294909078
Minneapolis,C3346,2021,3,30,167547.33333333334,1853329.6666666667,0.0904034162657516,1,False,16.0,1,1,12.02902117739173
Minneapolis,C3346,2021,4,31,162328.66666666666,1883665.0,0.08617703607948689,1,False,16.0,1,1,11.997378365550137
Minneapolis,C3346,2022,1,32,160278.0,1853593.3333333333,0.08646880473602625,1,False,16.0,1,1,11.984665086509013
Minneapolis,C3346,2022,2,33,177225.66666666666,1907447.0,0.0929124985735733,1,False,16.0,1,1,12.085179152412667
Minneapolis,C3346,2022,3,34,184486.0,1909221.0,0.09662893923752149,1,False,16.0,1,1,12.12532885882482
Minneapolis,C3346,2022,4,35,173722.0,1915453.3333333333,0.09069497908241043,1,False,16.0,1,1,12.065211599361671
Minneapolis,C3346,2023,1,36,171650.33333333334,1890385.6666666667,0.09080175350461996,1,False,16.0,1,1,12.053214740820064
Minneapolis,C3346,2023,2,37,185699.33333333334,1937733.6666666667,0.09583325950711148,1,False,16.0,1,1,12.131884157314609
Minneapolis,C3346,2023,3,38,192308.0,1936211.6666666667,0.09932178558301563,1,False,16.0,1,1,12.166853532375612
Minneapolis,C3346,2023,4,39,179849.0,1940649.0,0.09267466708302223,1,False,16.0,1,1,12.099872888919265
Minneapolis,C3346,2024,1,40,176375.33333333334,1898973.3333333333,0.09287931022377005,1,False,16.0,1,1,12.080369579065922
Minneapolis,C3346,2024,2,41,191572.66666666666,1948843.3333333333,0.09830070144170987,1,False,16.0,1,1,12.163022476026295
Minneapolis,C3346,2024,3,42,194654.66666666666,1939532.0,0.10036166800375898,1,False,16.0,1,1,12.178982327406578
Minneapolis,C3346,2024,4,43,184042.66666666666,1951041.0,0.09433049672798606,1,False,16.0,1,1,12.122922893768141
Minneapolis,C3346,2025,1,44,177423.33333333334,1911962.0,0.0927964746858637,1,False,16.0,1,1,12.086293869708557
Minneapolis,C3346,2025,2,45,191893.33333333334,1959367.3333333333,0.0979363747005411,1,False,16.0,1,1,12.164694941076196
Nashville,C3498,2014,1,0,91504.33333333333,828723.3333333334,0.11041602143055382,0,False,,0,0,11.424141608976463
Nashville,C3498,2014,2,1,97253.0,845693.6666666666,0.11499790507279824,0,False,,0,0,11.485071109333942
Nashville,C3498,2014,3,2,98458.66666666667,848715.0,0.11600910395912252,0,False,,0,0,11.497392111342242
Nashville,C3498,2014,4,3,97762.0,870393.0,0.11231937756852364,0,False,,0,0,11.490291232461294
Nashville,C3498,2015,1,4,95790.0,843328.0,0.11358569856568262,0,False,,0,0,11.469913574376937
Nashville,C3498,2015,2,5,102140.33333333333,865320.6666666666,0.1180375521675587,0,False,,0,0,11.53410296369086
Nashville,C3498,2015,3,6,102299.33333333333,867456.3333333334,0.11793023971619704,0,False,,0,0,11.535658435137773
Nashville,C3498,2015,4,7,102746.33333333333,889631.3333333334,0.11549315933866237,0,False,,0,0,11.540018446401389
Nashville,C3498,2016,1,8,100897.0,880261.0,0.11462168606810934,0,False,,0,0,11.521855473491359
Nashville,C3498,2016,2,9,106845.33333333333,898159.6666666666,0.11896028879794572,0,False,,0,0,11.579137584859808
Nashville,C3498,2016,3,10,107496.66666666667,902807.0,0.11906937658510254,0,False,,0,0,11.585215118317166
Nashville,C3498,2016,4,11,107079.66666666667,921441.0,0.11620892348687184,0,False,,0,0,11.581328384692076
Nashville,C3498,2017,1,12,105941.0,913411.3333333334,0.11598389042687594,0,False,,0,0,11.570637614359235
Nashville,C3498,2017,2,13,111576.33333333333,931150.3333333334,0.11982633667102088,0,False,,0,0,11.622464239534366
Nashville,C3498,2017,3,14,113171.66666666667,933637.3333333334,0.12121587540058382,0,False,,0,0,11.636661118958257
Nashville,C3498,2017,4,15,112449.66666666667,952184.3333333334,0.1180965310288309,0,False,,0,0,11.630260993102647
Nashville,C3498,2018,1,16,110689.0,943099.3333333334,0.11736727626428888,0,False,,0,0,11.614479746099091
Nashville,C3498,2018,2,17,117373.66666666667,959386.3333333334,0.12234244181784258,0,False,,0,0,11.67311785684363
Nashville,C3498,2018,3,18,119409.66666666667,964460.0,0.12380986942606917,0,False,,0,0,11.690315437020868
Nashville,C3498,2018,4,19,117636.0,984111.3333333334,0.11953525583487505,0,False,,0,0,11.675350390049726
Nashville,C3498,2019,1,20,115860.0,977079.3333333334,0.11857788415679654,0,False,,0,0,11.660137844650615
Nashville,C3498,2019,2,21,122654.66666666667,994612.6666666666,0.12331902737347002,0,False,,0,0,11.717128097610718
Nashville,C3498,2019,3,22,124216.33333333333,996590.3333333334,0.1246413186829359,0,False,,0,0,11.729779948154968
Nashville,C3498,2019,4,23,122331.0,1012668.0,0.12080069677327614,0,False,,0,0,11.714485764617212
Nashville,C3498,2020,1,24,119323.0,997957.3333333334,0.11956723600741781,0,False,,0,0,11.689589380786638
Nashville,C3498,2020,2,25,80388.0,886612.6666666666,0.09066867982185381,0,False,,0,0,11.294620190296268
Nashville,C3498,2020,3,26,92506.33333333333,934541.6666666666,0.09898577734183422,0,False,,0,0,11.435032389625126
Nashville,C3498,2020,4,27,96467.33333333333,977416.3333333334,0.09869625669579901,0,False,,0,0,11.476959715337566
Nashville,C3498,2021,1,28,94802.33333333333,964671.3333333334,0.09827423087794322,0,False,,0,0,11.459549301161028
Nashville,C3498,2021,2,29,105354.0,981552.3333333334,0.10733406301650752,0,False,,0,0,11.565081387187385
Nashville,C3498,2021,3,30,113629.0,1000109.6666666666,0.11361654005277422,0,False,,0,0,11.640694034380502
Nashville,C3498,2021,4,31,112751.33333333333,1023691.6666666666,0.11014188842669098,0,False,,0,0,11.632940082867805
Nashville,C3498,2022,1,32,112434.0,1024942.6666666666,0.10969784326147675,0,False,,0,0,11.63012166180372
Nashville,C3498,2022,2,33,122222.66666666667,1045242.6666666666,0.1169323359679156,0,False,,0,0,11.713599796789405
Nashville,C3498,2022,3,34,126319.33333333333,1058544.3333333333,0.11933305895234116,0,False,,0,0,11.746568371313739
Nashville,C3498,2022,4,35,125517.0,1072556.0,0.11702605738068689,0,False,,0,0,11.740196486547678
Nashville,C3498,2023,1,36,124457.33333333333,1065795.3333333333,0.11677413987551082,0,False,,0,0,11.73171823200048
Nashville,C3498,2023,2,37,132757.33333333334,1082389.0,0.12265214570116044,0,False,,0,0,11.79627817926078
Nashville,C3498,2023,3,38,133034.33333333334,1088136.3333333333,0.12225888361415499,0,False,,0,0,11.798362519253518
Nashville,C3498,2023,4,39,132338.33333333334,1106099.0,0.11964420303547273,0,False,,0,0,11.793117053662758
Nashville,C3498,2024,1,40,129054.66666666667,1081523.6666666667,0.11932671530381057,0,False,,0,0,11.767991366187376
Nashville,C3498,2024,2,41,136440.33333333334,1097579.0,0.1243102622529525,0,False,,0,0,11.82364267960592
Nashville,C3498,2024,3,42,135999.66666666666,1096733.3333333333,0.12400431584706097,0,False,,0,0,11.820407713734793
Nashville,C3498,2024,4,43,132860.0,1104933.3333333333,0.12024254857004948,0,False,,0,0,11.797051221219233
Nashville,C3498,2025,1,44,129742.66666666667,1078851.3333333333,0.12026000493117063,0,False,,0,0,11.773308280484187
Nashville,C3498,2025,2,45,137445.33333333334,1091130.3333333333,0.12596600894912952,0,False,,0,0,11.830981541276993
New Orleans,C3538,2014,1,0,81425.0,530632.6666666666,0.15344890187687907,1,False,44.0,1,0,11.307437630144435
New Orleans,C3538,2014,2,1,83085.66666666667,537291.3333333334,0.15463801761179843,1,False,44.0,1,0,11.327627483014378
New Orleans,C3538,2014,3,2,82492.0,535697.3333333334,0.15398993959275512,1,False,44.0,1,0,11.320456597923938
New Orleans,C3538,2014,4,3,84052.66666666667,545294.6666666666,0.154141736211125,1,False,44.0,1,0,11.339198865480006
New Orleans,C3538,2015,1,4,84166.66666666667,541149.0,0.15553325732222859,1,False,44.0,1,0,11.340554239029442
New Orleans,C3538,2015,2,5,85456.33333333333,549574.0,0.155495589917524,1,False,44.0,1,0,11.35576080321477
New Orleans,C3538,2015,3,6,84228.33333333333,544701.3333333334,0.1546321409163676,1,False,44.0,1,0,11.341286644022741
New Orleans,C3538,2015,4,7,85991.33333333333,553382.0,0.15539235705775276,1,False,44.0,1,0,11.362001794963685
New Orleans,C3538,2016,1,8,86558.33333333333,542515.0,0.159550119965961,1,False,44.0,1,0,11.368573839427903
New Orleans,C3538,2016,2,9,88037.0,548363.6666666666,0.16054491818385733,1,False,44.0,1,0,11.385512459639553
New Orleans,C3538,2016,3,10,86907.0,544203.0,0.1596959222937029,1,False,44.0,1,0,11.37259386036835
New Orleans,C3538,2016,4,11,87860.33333333333,549089.3333333334,0.1600110000315674,1,False,44.0,1,0,11.383503711437134
New Orleans,C3538,2017,1,12,87200.0,540049.6666666666,0.16146663053830235,1,False,44.0,1,0,11.375959609897071
New Orleans,C3538,2017,2,13,89373.33333333333,545596.0,0.1638086300730455,1,False,44.0,1,0,11.400577631803785
New Orleans,C3538,2017,3,14,88047.33333333333,538082.3333333334,0.16363171187556796,1,False,44.0,1,0,11.385629827643278
New Orleans,C3538,2017,4,15,88984.33333333333,546531.6666666666,0.16281642722745557,1,False,44.0,1,0,11.396215603256637
New Orleans,C3538,2018,1,16,89104.33333333333,540424.0,0.16487856448516966,1,False,44.0,1,0,11.39756324676936
New Orleans,C3538,2018,2,17,90608.0,546282.3333333334,0.16586295120899022,1,False,44.0,1,0,11.414297788353586
New Orleans,C3538,2018,3,18,90086.0,541181.3333333334,0.16646176512616842,1,False,44.0,1,0,11.408520048615374
New Orleans,C3538,2018,4,19,90841.0,551359.3333333334,0.16475825202922714,1,False,44.0,1,0,11.41686600452526
New Orleans,C3538,2019,1,20,91302.0,546085.6666666666,0.16719354777669196,1,False,44.0,1,0,11.42192797214817
New Orleans,C3538,2019,2,21,92112.33333333333,551903.3333333334,0.1668993966334684,1,False,44.0,1,0,11.430764125691974
New Orleans,C3538,2019,3,22,90714.0,545272.3333333334,0.1663645750105299,1,False,44.0,1,0,11.415466979208256
New Orleans,C3538,2019,4,23,92515.66666666667,556135.6666666666,0.1663544926387866,1,False,44.0,1,0,11.435133278528514
New Orleans,C3538,2020,1,24,90968.0,549279.6666666666,0.1656132668300726,1,False,44.0,1,0,11.418263075304559
New Orleans,C3538,2020,2,25,49118.333333333336,461911.0,0.10633722369316456,1,False,44.0,1,0,10.801987631735056
New Orleans,C3538,2020,3,26,57353.333333333336,480528.0,0.11935482080822207,1,False,44.0,1,0,10.95698624350723
New Orleans,C3538,2020,4,27,63835.333333333336,502369.0,0.12706861556611443,1,False,44.0,1,0,11.064062130036593
New Orleans,C3538,2021,1,28,63319.666666666664,500083.0,0.12661831469309429,1,False,44.0,1,0,11.055951249714932
New Orleans,C3538,2021,2,29,68996.33333333333,510462.3333333333,0.13516439672009753,1,False,44.0,1,0,11.141808642070792
New Orleans,C3538,2021,3,30,68803.0,504417.6666666667,0.1364008529968221,1,False,44.0,1,0,11.139002627621943
New Orleans,C3538,2021,4,31,71706.0,518100.6666666667,0.13840167483539234,1,False,44.0,1,0,11.180329705094936
New Orleans,C3538,2022,1,32,74295.66666666667,517147.3333333333,0.14366441027121865,1,False,44.0,1,0,11.215807906887509
New Orleans,C3538,2022,2,33,76608.66666666667,524425.6666666666,0.1460810779030012,1,False,44.0,1,0,11.246465491191113
New Orleans,C3538,2022,3,34,77841.0,527066.6666666666,0.14768719959524412,1,False,44.0,1,0,11.26242356364273
New Orleans,C3538,2022,4,35,80177.0,535418.0,0.14974655316033456,1,False,44.0,1,0,11.29199196968209
New Orleans,C3538,2023,1,36,80954.0,531900.0,0.15219778153788305,1,False,44.0,1,0,11.301636371103024
New Orleans,C3538,2023,2,37,82048.66666666667,535105.0,0.15333190059271856,1,False,44.0,1,0,11.31506784613229
New Orleans,C3538,2023,3,38,80738.33333333333,529895.6666666666,0.15236647214200028,1,False,44.0,1,0,11.29896875180266
New Orleans,C3538,2023,4,39,82229.33333333333,539244.6666666666,0.1524898407278329,1,False,44.0,1,0,11.317267370590878
New Orleans,C3538,2024,1,40,68384.66666666667,438473.3333333333,0.15596083380213166,1,False,44.0,1,0,11.132903906940486
New Orleans,C3538,2024,2,41,70051.66666666667,443381.0,0.157994290839406,1,False,44.0,1,0,11.15698834401126
New Orleans,C3538,2024,3,42,67899.33333333333,442569.6666666667,0.15342066672742294,1,False,44.0,1,0,11.125781495138254
New Orleans,C3538,2024,4,43,71397.0,450155.3333333333,0.15860525181678028,1,False,44.0,1,0,11.176011130638223
New Orleans,C3538,2025,1,44,70716.66666666667,444961.3333333333,0.1589276671231358,1,False,44.0,1,1,11.166436561962362
New Orleans,C3538,2025,2,45,70367.33333333333,444284.6666666667,0.1583834388462652,1,False,44.0,1,1,11.161484419306275
Orlando,C3674,2014,1,0,223098.66666666666,1051761.3333333333,0.21211909926333097,0,False,,0,0,12.315369404009518
Orlando,C3674,2014,2,1,230930.33333333334,1061516.0,0.21754767081545012,0,False,,0,0,12.349871356715747
Orlando,C3674,2014,3,2,232439.66666666666,1063276.6666666667,0.21860694770567707,0,False,,0,0,12.356385972126176
Orlando,C3674,2014,4,3,232589.66666666666,1090017.0,0.21338168731924975,0,False,,0,0,12.357031092743094
Orlando,C3674,2015,1,4,233278.66666666666,1090648.0,0.21388996877697172,0,False,,0,0,12.35998901219396
Orlando,C3674,2015,2,5,238609.0,1104151.0,0.21610178318001794,0,False,,0,0,12.3825815079681
Orlando,C3674,2015,3,6,239272.0,1106987.6666666667,0.2161469429198699,0,False,,0,0,12.385356259110678
Orlando,C3674,2015,4,7,242948.0,1140980.6666666667,0.21292911185757749,0,False,,0,0,12.400602707653633
Orlando,C3674,2016,1,8,244177.0,1142749.0,0.21367509400577028,0,False,,0,0,12.405648651128862
Orlando,C3674,2016,2,9,248723.66666666666,1151138.6666666667,0.21606751112521627,0,False,,0,0,12.424097786770428
Orlando,C3674,2016,3,10,248595.33333333334,1154219.6666666667,0.21537956812957904,0,False,,0,0,12.423581686093872
Orlando,C3674,2016,4,11,249943.33333333334,1182037.6666666667,0.21145124252949637,0,False,,0,0,12.428989504484946
Orlando,C3674,2017,1,12,251299.0,1185351.3333333333,0.21200381096575024,0,False,,0,0,12.434398744216166
Orlando,C3674,2017,2,13,256433.0,1190680.3333333333,0.21536678890303892,0,False,,0,0,12.454622700895062
Orlando,C3674,2017,3,14,254674.0,1182941.6666666667,0.21528872232358595,0,False,,0,0,12.447739574877474
Orlando,C3674,2017,4,15,259298.0,1225335.0,0.21161396679275463,0,False,,0,0,12.46573325842335
Orlando,C3674,2018,1,16,259425.66666666666,1225492.3333333333,0.21169097481093993,0,False,,0,0,12.466225492255921
Orlando,C3674,2018,2,17,264775.3333333333,1230856.6666666667,0.2151146762282096,0,False,,0,0,12.486636946641616
Orlando,C3674,2018,3,18,264671.3333333333,1231778.6666666667,0.21486922975339723,0,False,,0,0,12.48624408364753
Orlando,C3674,2018,4,19,267339.6666666667,1262325.6666666667,0.21178343570610542,0,False,,0,0,12.496275288672987
Orlando,C3674,2019,1,20,271222.0,1261488.3333333333,0.21500159203480546,0,False,,0,0,12.510692952702204
Orlando,C3674,2019,2,21,275239.3333333333,1265568.6666666667,0.21748273371706944,0,False,,0,0,12.525396301184916
Orlando,C3674,2019,3,22,273977.6666666667,1262896.6666666667,0.21694385130480456,0,False,,0,0,12.520801873532392
Orlando,C3674,2019,4,23,276528.0,1292637.6666666667,0.21392537687152857,0,False,,0,0,12.530067360640274
Orlando,C3674,2020,1,24,275356.6666666667,1282152.0,0.21476132835004483,0,False,,0,0,12.525822506006998
Orlando,C3674,2020,2,25,152255.0,1058499.6666666667,0.14384038540084565,0,False,,0,0,11.933312025755395
Orlando,C3674,2020,3,26,175201.0,1101446.3333333333,0.15906449065910006,0,False,,0,0,12.073689165230697
Orlando,C3674,2020,4,27,199772.66666666666,1160526.3333333333,0.1721397101717353,0,False,,0,0,12.204935332368006
Orlando,C3674,2021,1,28,193726.33333333334,1165734.0,0.1661839950909327,0,False,,0,0,12.174201789216974
Orlando,C3674,2021,2,29,212669.33333333334,1190829.3333333333,0.17858926328094035,0,False,,0,0,12.267493812765155
Orlando,C3674,2021,3,30,235068.0,1229182.3333333333,0.19123932522080397,0,False,,0,0,12.367630112971401
Orlando,C3674,2021,4,31,249614.66666666666,1283115.0,0.19453803179501966,0,False,,0,0,12.427673674434828
Orlando,C3674,2022,1,32,251588.0,1289283.0,0.1951379177418767,0,False,,0,0,12.435548107917414
Orlando,C3674,2022,2,33,260125.0,1306876.6666666667,0.19904326600571845,0,False,,0,0,12.468917563695936
Orlando,C3674,2022,3,34,269477.3333333333,1325778.3333333333,0.2032597203906636,0,False,,0,0,12.50423955942423
Orlando,C3674,2022,4,35,275116.3333333333,1361185.0,0.20211531374011124,0,False,,0,0,12.524949317499646
Orlando,C3674,2023,1,36,276829.0,1361725.3333333333,0.20329283242631407,0,False,,0,0,12.531155266023912
Orlando,C3674,2023,2,37,280739.3333333333,1369358.3333333333,0.2050152443662786,0,False,,0,0,12.545181878409046
Orlando,C3674,2023,3,38,279969.6666666667,1368866.0,0.20452671530059677,0,False,,0,0,12.542436542949574
Orlando,C3674,2023,4,39,281653.6666666667,1399481.3333333333,0.20125575094011022,0,False,,0,0,12.548433462759926
Orlando,C3674,2024,1,40,285735.6666666667,1394716.6666666667,0.2048700452899633,0,False,,0,0,12.562822420002366
Orlando,C3674,2024,2,41,286822.0,1393621.3333333333,0.20581056929859476,0,False,,0,0,12.566617093273326
Orlando,C3674,2024,3,42,282507.3333333333,1387999.0,0.20353568938690397,0,False,,0,0,12.551459787933776
Orlando,C3674,2024,4,43,284844.6666666667,1408983.0,0.20216330975367813,0,False,,0,0,12.559699281428594
Orlando,C3674,2025,1,44,287350.3333333333,1399711.0,0.20529261635675744,0,False,,0,0,12.568457423960735
Orlando,C3674,2025,2,45,292727.6666666667,1401988.3333333333,0.20879465235683134,0,False,,0,0,12.586997990477009
Philadelphia,C3798,2014,1,0,231025.66666666666,2592696.3333333335,0.08910633447367342,0,False,,0,0,12.35028409444266
Philadelphia,C3798,2014,2,1,250722.66666666666,2655752.3333333335,0.0944073976777704,0,False,,0,0,12.432102693568172
Philadelphia,C3798,2014,3,2,254876.0,2628884.6666666665,0.09695214218856311,0,False,,0,0,12.448532431360967
Philadelphia,C3798,2014,4,3,245806.66666666666,2690018.6666666665,0.09137730890591093,0,False,,0,0,12.412300598067938
Philadelphia,C3798,2015,1,4,235676.0,2622314.3333333335,0.08987328368846705,0,False,,0,0,12.37021325938678
Philadelphia,C3798,2015,2,5,256552.33333333334,2690158.3333333335,0.09536700132272263,0,False,,0,0,12.455087951371953
Philadelphia,C3798,2015,3,6,259722.0,2661414.6666666665,0.09758794946647423,0,False,,0,0,12.46736710719342
Philadelphia,C3798,2015,4,7,251595.33333333334,2724996.6666666665,0.09232867563140751,0,False,,0,0,12.435577255676682
Philadelphia,C3798,2016,1,8,241760.66666666666,2666856.6666666665,0.09065379091739714,0,False,,0,0,12.395703535058468
Philadelphia,C3798,2016,2,9,263154.0,2731462.0,0.09634181255313089,0,False,,0,0,12.480494691122413
Philadelphia,C3798,2016,3,10,267510.0,2714943.0,0.09853245537751622,0,False,,0,0,12.496912227797035
Philadelphia,C3798,2016,4,11,257724.33333333334,2769011.0,0.09307450686665143,0,False,,0,0,12.45964581722473
Philadelphia,C3798,2017,1,12,249957.66666666666,2713350.3333333335,0.09212141299851806,0,False,,0,0,12.429046849172542
Philadelphia,C3798,2017,2,13,271439.0,2770345.0,0.09798021546052929,0,False,,0,0,12.511492715395917
Philadelphia,C3798,2017,3,14,275767.0,2747608.6666666665,0.10036618509234577,0,False,,0,0,12.527311585260794
Philadelphia,C3798,2017,4,15,265401.3333333333,2802072.0,0.09471610056177475,0,False,,0,0,12.488998424730976
Philadelphia,C3798,2018,1,16,256557.33333333334,2742578.3333333335,0.09354603666744249,0,False,,0,0,12.455107440383074
Philadelphia,C3798,2018,2,17,277028.3333333333,2798436.0,0.0989939856881963,0,False,,0,0,12.531875066340504
Philadelphia,C3798,2018,3,18,280654.0,2776001.0,0.10110010767287188,0,False,,0,0,12.544877872896606
Philadelphia,C3798,2018,4,19,269867.0,2832087.6666666665,0.09528907002996495,0,False,,0,0,12.505684524024332
Philadelphia,C3798,2019,1,20,261574.66666666666,2777972.3333333335,0.09416028501363764,0,False,,0,0,12.474475053916663
Philadelphia,C3798,2019,2,21,283193.0,2832219.0,0.09998979598682164,0,False,,0,0,12.553883922982095
Philadelphia,C3798,2019,3,22,286534.3333333333,2811654.3333333335,0.10190951637843579,0,False,,0,0,12.56561364507164
Philadelphia,C3798,2019,4,23,275155.6666666667,2866181.0,0.09600079920516767,0,False,,0,0,12.525092277102898
Philadelphia,C3798,2020,1,24,262865.6666666667,2804217.0,0.09373941698045005,0,False,,0,0,12.479398407540327
Philadelphia,C3798,2020,2,25,134547.33333333334,2420463.3333333335,0.05558742885315346,0,False,,0,0,11.809671336808396
Philadelphia,C3798,2020,3,26,191342.0,2560860.0,0.07471786821614614,0,False,,0,0,12.161817681775
Philadelphia,C3798,2020,4,27,194254.66666666666,2657999.3333333335,0.0730830381447299,0,False,,0,0,12.176925291965345
Philadelphia,C3798,2021,1,28,188313.66666666666,2617997.3333333335,0.07193042722732591,0,False,,0,0,12.14586429122906
Philadelphia,C3798,2021,2,29,221830.66666666666,2683274.0,0.08267164168350555,0,False,,0,0,12.309669607040126
Philadelphia,C3798,2021,3,30,243560.66666666666,2682990.6666666665,0.09077954302735802,0,False,,0,0,12.403121334895093
Philadelphia,C3798,2021,4,31,240491.33333333334,2769856.3333333335,0.08682447910354917,0,False,,0,0,12.390439331842604
Philadelphia,C3798,2022,1,32,236228.33333333334,2739452.3333333335,0.08623195609536066,0,False,,0,0,12.372554130391922
Philadelphia,C3798,2022,2,33,260643.0,2799056.0,0.09311817984349009,0,False,,0,0,12.470906933898544
Philadelphia,C3798,2022,3,34,270919.3333333333,2790727.6666666665,0.09707838445480707,0,False,,0,0,12.509576392574791
Philadelphia,C3798,2022,4,35,259093.0,2836347.0,0.09134742681343291,0,False,,0,0,12.464942349589338
Philadelphia,C3798,2023,1,36,255636.0,2797498.6666666665,0.09138020441117875,0,False,,0,0,12.451509836638204
Philadelphia,C3798,2023,2,37,276397.0,2846014.0,0.0971172313277447,0,False,,0,0,12.529593516981727
Philadelphia,C3798,2023,3,38,283788.6666666667,2828562.6666666665,0.10032963738473534,0,False,,0,0,12.555985108684705
Philadelphia,C3798,2023,4,39,270136.6666666667,2873446.6666666665,0.094011373101293,0,False,,0,0,12.50668328275776
Philadelphia,C3798,2024,1,40,263081.6666666667,2832158.0,0.09289088626646771,0,False,,0,0,12.480219782603776
Philadelphia,C3798,2024,2,41,284030.3333333333,2880837.0,0.09859298993081987,0,False,,0,0,12.556836318951564
Philadelphia,C3798,2024,3,42,286068.6666666667,2855596.6666666665,0.10017824646104317,0,False,,0,0,12.563987154224314
Philadelphia,C3798,2024,4,43,273833.6666666667,2906172.0,0.0942248657913801,0,False,,0,0,12.520276145076062
Philadelphia,C3798,2025,1,44,264509.6666666667,2864277.3333333335,0.09234778475827295,0,False,,0,0,12.485633076556587
Philadelphia,C3798,2025,2,45,285460.3333333333,2910293.0,0.09808645841959325,0,False,,0,0,12.561858360889003
Phoenix,C3806,2014,1,0,199066.33333333334,1799667.6666666667,0.11061282981320811,1,False,4.0,1,0,12.20139338149675
Phoenix,C3806,2014,2,1,199885.33333333334,1798575.3333333333,0.11113536899390371,1,False,4.0,1,0,12.205499147778438
Phoenix,C3806,2014,3,2,193822.33333333334,1786479.6666666667,0.10849400468966995,1,False,4.0,1,0,12.174697210877378
Phoenix,C3806,2014,4,3,202135.33333333334,1865795.0,0.10833737539940526,1,False,4.0,1,0,12.216692719052343
Phoenix,C3806,2015,1,4,206975.33333333334,1854106.3333333333,0.11163077845769005,1,False,4.0,1,1,12.240354902506173
Phoenix,C3806,2015,2,5,208120.0,1859162.0,0.11194290761106349,1,False,4.0,1,1,12.245870115404239
Phoenix,C3806,2015,3,6,202518.33333333334,1852923.3333333333,0.1092966609519732,1,False,4.0,1,1,12.218585696410111
Phoenix,C3806,2015,4,7,210222.33333333334,1932327.6666666667,0.10879228039826924,1,False,4.0,1,1,12.255920979798828
Phoenix,C3806,2016,1,8,213906.33333333334,1918208.0,0.11151362799724188,1,False,4.0,1,1,12.273293503483652
Phoenix,C3806,2016,2,9,214496.33333333334,1919338.6666666667,0.1117553337816359,1,False,4.0,1,1,12.27604792318701
Phoenix,C3806,2016,3,10,209406.0,1914510.0,0.10937837880188664,1,False,4.0,1,1,12.252030230303205
Phoenix,C3806,2016,4,11,215106.66666666666,1980199.3333333333,0.10862879460956625,1,False,4.0,1,1,12.278889308111971
Phoenix,C3806,2017,1,12,219944.0,1968051.0,0.1117572664529527,1,False,4.0,1,1,12.30112824747776
Phoenix,C3806,2017,2,13,223540.0,1975563.3333333333,0.11315253539496752,1,False,4.0,1,1,12.317345647939602
Phoenix,C3806,2017,3,14,217227.0,1965334.3333333333,0.11052928568726984,1,False,4.0,1,1,12.288698168708411
Phoenix,C3806,2017,4,15,224523.66666666666,2042820.0,0.10990868831647754,1,False,4.0,1,1,12.321736400058837
Phoenix,C3806,2018,1,16,228815.33333333334,2036876.6666666667,0.11233637120886063,1,False,4.0,1,1,12.340670552559303
Phoenix,C3806,2018,2,17,229799.66666666666,2036318.6666666667,0.11285054271138963,1,False,4.0,1,1,12.344963193859043
Phoenix,C3806,2018,3,18,223688.33333333334,2035810.0,0.10987682216578823,1,False,4.0,1,1,12.318008992936852
Phoenix,C3806,2018,4,19,230010.0,2113210.6666666665,0.1088438571828775,1,False,4.0,1,1,12.34587806522105
Phoenix,C3806,2019,1,20,233972.66666666666,2104403.6666666665,0.11118240781117565,1,False,4.0,1,1,12.362959578400313
Phoenix,C3806,2019,2,21,233307.33333333334,2104184.6666666665,0.11087778417420271,1,False,4.0,1,1,12.360111890577379
Phoenix,C3806,2019,3,22,228683.33333333334,2106674.3333333335,0.10855182014369251,1,False,4.0,1,1,12.340093501681212
Phoenix,C3806,2019,4,23,234831.0,2186674.0,0.10739186545410975,1,False,4.0,1,1,12.366621385478487
Phoenix,C3806,2020,1,24,239010.66666666666,2168606.3333333335,0.11021394846674952,1,False,4.0,1,1,12.384263460322204
Phoenix,C3806,2020,2,25,163114.33333333334,1971825.3333333333,0.08272250618547013,1,False,4.0,1,1,12.002206665393649
Phoenix,C3806,2020,3,26,175033.33333333334,2013932.3333333333,0.08691122856329003,1,False,4.0,1,1,12.072731710957841
Phoenix,C3806,2020,4,27,194761.33333333334,2120061.3333333335,0.09186589570364631,1,False,4.0,1,1,12.179530156305928
Phoenix,C3806,2021,1,28,197642.33333333334,2113138.6666666665,0.09353022423516616,1,False,4.0,1,1,12.194214278867195
Phoenix,C3806,2021,2,29,209754.33333333334,2120890.0,0.09889920426487622,1,False,4.0,1,1,12.253692283631343
Phoenix,C3806,2021,3,30,217126.0,2139292.6666666665,0.10149429453161933,1,False,4.0,1,1,12.288233109174712
Phoenix,C3806,2021,4,31,225366.33333333334,2221283.3333333335,0.1014577158849614,1,False,4.0,1,1,12.325482505338423
Phoenix,C3806,2022,1,32,230574.33333333334,2219338.0,0.10389329310512115,1,False,4.0,1,1,12.348328576777321
Phoenix,C3806,2022,2,33,236904.0,2221516.6666666665,0.10664065840904488,1,False,4.0,1,1,12.375410274765834
Phoenix,C3806,2022,3,34,233286.33333333334,2225714.0,0.10481415551743546,1,False,4.0,1,1,12.360021876496544
Phoenix,C3806,2022,4,35,241878.0,2292222.0,0.10552119297345545,1,False,4.0,1,1,12.39618874579004
Phoenix,C3806,2023,1,36,252106.33333333334,2296847.6666666665,0.10976188669020716,1,False,4.0,1,1,12.437606235166415
Phoenix,C3806,2023,2,37,256104.33333333334,2295643.6666666665,0.11156101317117888,1,False,4.0,1,1,12.45334019251824
Phoenix,C3806,2023,3,38,248739.66666666666,2296773.6666666665,0.10829959881404655,1,False,4.0,1,1,12.42416211311946
Phoenix,C3806,2023,4,39,252274.0,2341063.3333333335,0.10776043364909677,1,False,4.0,1,1,12.438271077396621
Phoenix,C3806,2024,1,40,266196.6666666667,2367725.0,0.1124271892498777,1,False,4.0,1,1,12.4919906629514
Phoenix,C3806,2024,2,41,264947.6666666667,2341203.0,0.11316731896664523,1,False,4.0,1,1,12.487287601189042
Phoenix,C3806,2024,3,42,255906.0,2333590.0,0.10966193718690943,1,False,4.0,1,1,12.452565468531862
Phoenix,C3806,2024,4,43,264064.3333333333,2390810.0,0.11044973600300037,1,False,4.0,1,1,12.483948039310318
Phoenix,C3806,2025,1,44,270430.3333333333,2382567.6666666665,0.11350373679488361,1,False,4.0,1,1,12.507769796346478
Phoenix,C3806,2025,2,45,268872.6666666667,2353586.6666666665,0.114239543618534,1,False,4.0,1,1,12.501993188398174
Pittsburgh,C3830,2014,1,0,106610.66666666667,1075290.6666666667,0.09914590535520318,0,False,,0,0,11.576938848247046
Pittsburgh,C3830,2014,2,1,117873.66666666667,1106878.0,0.1064920132721643,0,False,,0,0,11.677368708454322
Pittsburgh,C3830,2014,3,2,119498.0,1100594.0,0.10857591446073665,0,False,,0,0,11.691054913811973
Pittsburgh,C3830,2014,4,3,112510.33333333333,1106205.3333333333,0.1017083627632724,0,False,,0,0,11.63080034826034
Pittsburgh,C3830,2015,1,4,107461.0,1078244.0,0.09966297053357125,0,False,,0,0,11.584883270027714
Pittsburgh,C3830,2015,2,5,118351.66666666667,1108866.3333333333,0.10673213092410598,0,False,,0,0,11.68141569736656
Pittsburgh,C3830,2015,3,6,121130.0,1104124.0,0.10970688074890139,0,False,,0,0,11.704619628010848
Pittsburgh,C3830,2015,4,7,114899.33333333333,1109018.3333333333,0.10360453914948807,0,False,,0,0,11.65181166167322
Pittsburgh,C3830,2016,1,8,110379.66666666667,1079809.6666666667,0.10222141000775137,0,False,,0,0,11.611681217118184
Pittsburgh,C3830,2016,2,9,120834.0,1107948.6666666667,0.10906100944508258,0,False,,0,0,11.702172981834916
Pittsburgh,C3830,2016,3,10,123360.33333333333,1102116.6666666667,0.11193037639693316,0,False,,0,0,11.722864890911966
Pittsburgh,C3830,2016,4,11,115590.0,1105329.3333333333,0.10457516734077446,0,False,,0,0,11.657804726288314
Pittsburgh,C3830,2017,1,12,111623.33333333333,1083233.3333333333,0.10304643505554359,0,False,,0,0,11.62288538712295
Pittsburgh,C3830,2017,2,13,122473.0,1113684.0,0.10997105103422515,0,False,,0,0,11.715645876510205
Pittsburgh,C3830,2017,3,14,124519.66666666667,1112024.0,0.11197570076425209,0,False,,0,0,11.732218947605821
Pittsburgh,C3830,2017,4,15,118081.0,1118893.0,0.10553377311324676,0,False,,0,0,11.679126108633128
Pittsburgh,C3830,2018,1,16,114049.33333333333,1097204.0,0.10394542248600382,0,False,,0,0,11.644386382306001
Pittsburgh,C3830,2018,2,17,122166.0,1123991.6666666667,0.10868941792273074,0,False,,0,0,11.713136054599923
Pittsburgh,C3830,2018,3,18,123791.33333333333,1122503.3333333333,0.11028148394511078,0,False,,0,0,11.726352631397111
Pittsburgh,C3830,2018,4,19,117859.66666666667,1129319.0,0.10436348513278061,0,False,,0,0,11.67724993017364
Pittsburgh,C3830,2019,1,20,114060.33333333333,1105554.3333333333,0.10317026481134804,0,False,,0,0,11.644482827144742
Pittsburgh,C3830,2019,2,21,122695.0,1132362.3333333333,0.10835312725284929,0,False,,0,0,11.717456880072456
Pittsburgh,C3830,2019,3,22,124999.33333333333,1129877.0,0.11063092118286622,0,False,,0,0,11.736063682936882
Pittsburgh,C3830,2019,4,23,119667.0,1133811.3333333333,0.10554401467145916,0,False,,0,0,11.692468164313746
Pittsburgh,C3830,2020,1,24,112781.66666666667,1102719.0,0.10227598025123959,0,False,,0,0,11.63320907528591
Pittsburgh,C3830,2020,2,25,65375.0,961746.0,0.0679753282051602,0,False,,0,0,11.087895201367225
Pittsburgh,C3830,2020,3,26,87842.0,1024539.6666666666,0.08573801762677807,0,False,,0,0,11.383295025154466
Pittsburgh,C3830,2020,4,27,87377.0,1043310.6666666666,0.083749742805914,0,False,,0,0,11.377987369116775
Pittsburgh,C3830,2021,1,28,84554.66666666667,1017599.0,0.08309232484177625,0,False,,0,0,11.345153546968772
Pittsburgh,C3830,2021,2,29,99164.66666666667,1047329.0,0.09468339620755911,0,False,,0,0,11.504537047029107
Pittsburgh,C3830,2021,3,30,106827.33333333333,1050784.3333333333,0.10166437578532607,0,False,,0,0,11.578969102851104
Pittsburgh,C3830,2021,4,31,105596.66666666667,1067108.6666666667,0.0989558701613019,0,False,,0,0,11.567382084099526
Pittsburgh,C3830,2022,1,32,102657.33333333333,1040634.3333333334,0.0986488049116196,0,False,,0,0,11.53915186006421
Pittsburgh,C3830,2022,2,33,113276.0,1065522.0,0.10631033427747151,0,False,,0,0,11.637582597569645
Pittsburgh,C3830,2022,3,34,116568.66666666667,1065976.6666666667,0.10935386328030945,0,False,,0,0,11.666235791799794
Pittsburgh,C3830,2022,4,35,111509.0,1070449.3333333333,0.10417027366700837,0,False,,0,0,11.621860584113618
Pittsburgh,C3830,2023,1,36,107998.0,1049055.0,0.10294789119731568,0,False,,0,0,11.589867987416369
Pittsburgh,C3830,2023,2,37,118413.0,1072938.0,0.11036332015456625,0,False,,0,0,11.681933792702058
Pittsburgh,C3830,2023,3,38,120637.0,1072523.3333333333,0.11247960417333579,0,False,,0,0,11.70054131555858
Pittsburgh,C3830,2023,4,39,114977.33333333333,1078649.6666666667,0.10659376893764394,0,False,,0,0,11.65249028646907
Pittsburgh,C3830,2024,1,40,113352.66666666667,1088047.3333333333,0.10417990393800271,0,False,,0,0,11.63825918161101
Pittsburgh,C3830,2024,2,41,123879.0,1110951.3333333333,0.11150713472597361,0,False,,0,0,11.727060561726498
Pittsburgh,C3830,2024,3,42,125226.33333333333,1108887.6666666667,0.1129296835898316,0,False,,0,0,11.737878045670298
Pittsburgh,C3830,2024,4,43,119171.0,1111088.0,0.1072561309275233,0,False,,0,0,11.688314715423312
Pittsburgh,C3830,2025,1,44,113698.66666666667,1088639.3333333333,0.10444107904730003,0,False,,0,0,11.641306952903523
Pittsburgh,C3830,2025,2,45,125158.66666666667,1115061.6666666667,0.11224371746256186,0,False,,0,0,11.737337544695288
Portland,C3890,2014,1,0,103050.0,1037505.0,0.09932482253097576,0,False,,0,0,11.542969586318605
Portland,C3890,2014,2,1,108047.33333333333,1060319.3333333333,0.10190074813939701,0,False,,0,0,11.590324681698347
Portland,C3890,2014,3,2,111069.66666666667,1064105.6666666667,0.10437841855930974,0,False,,0,0,11.617912911046252
Portland,C3890,2014,4,3,108211.0,1081806.3333333333,0.10002807033544822,0,False,,0,0,11.591838303813079
Portland,C3890,2015,1,4,107746.66666666667,1073864.0,0.10033548630614926,0,False,,0,0,11.587538071679274
Portland,C3890,2015,2,5,113060.66666666667,1097664.6666666667,0.10300109869620169,0,False,,0,0,11.635679826785987
Portland,C3890,2015,3,6,117010.33333333333,1100749.0,0.10630064922460372,0,False,,0,0,11.67001752896831
Portland,C3890,2015,4,7,113990.66666666667,1118675.0,0.10189792984259653,0,False,,0,0,11.643871852679961
Portland,C3890,2016,1,8,113108.0,1108762.3333333333,0.10201284495294603,0,False,,0,0,11.636098393466527
Portland,C3890,2016,2,9,118864.0,1132387.0,0.10496764798606836,0,False,,0,0,11.685735261391587
Portland,C3890,2016,3,10,122116.33333333333,1130608.0,0.10800943681040054,0,False,,0,0,11.71272942128614
Portland,C3890,2016,4,11,118121.66666666667,1146797.3333333333,0.10300134403288928,0,False,,0,0,11.679470445703004
Portland,C3890,2017,1,12,116850.0,1137747.6666666667,0.10270291332905392,0,False,,0,0,11.668646339967005
Portland,C3890,2017,2,13,123058.33333333333,1165014.0,0.1056282013206136,0,False,,0,0,11.720413776673865
Portland,C3890,2017,3,14,125837.0,1160262.3333333333,0.10845564523195474,0,False,,0,0,11.742742697651419
Portland,C3890,2017,4,15,121891.66666666667,1176984.6666666667,0.10356266323492178,0,False,,0,0,11.71088795108718
Portland,C3890,2018,1,16,120247.33333333333,1168542.6666666667,0.10290367374975325,0,False,,0,0,11.69730601169994
Portland,C3890,2018,2,17,125583.33333333333,1186085.3333333333,0.1058805212441151,0,False,,0,0,11.740724827820632
Portland,C3890,2018,3,18,127931.0,1183797.6666666667,0.10806829883372523,0,False,,0,0,11.759246335055328
Portland,C3890,2018,4,19,124053.0,1201977.0,0.10320746570025882,0,False,,0,0,11.72846417262438
Portland,C3890,2019,1,20,121961.66666666667,1191791.6666666667,0.10233472013425166,0,False,,0,0,11.711462066691555
Portland,C3890,2019,2,21,127202.66666666667,1209850.3333333333,0.10513917561703914,0,False,,0,0,11.753536894028997
Portland,C3890,2019,3,22,129980.0,1207057.0,0.10768339854704459,0,False,,0,0,11.77513587144834
Portland,C3890,2019,4,23,124945.33333333333,1222999.6666666667,0.10216301503489097,0,False,,0,0,11.735631587292993
Portland,C3890,2020,1,24,121659.66666666667,1207921.0,0.10071823129713506,0,False,,0,0,11.708982807994785
Portland,C3890,2020,2,25,67652.0,1065941.0,0.06346692734400872,0,False,,0,0,11.122132197093933
Portland,C3890,2020,3,26,86176.33333333333,1106483.6666666667,0.07788305957822543,0,False,,0,0,11.364150863656821
Portland,C3890,2020,4,27,82803.66666666667,1126385.0,0.07351275688744671,0,False,,0,0,11.324227622806719
Portland,C3890,2021,1,28,78040.0,1118488.3333333333,0.06977274386709444,0,False,,0,0,11.264976794737047
Portland,C3890,2021,2,29,95798.33333333333,1151200.6666666667,0.08321601620568901,0,False,,0,0,11.470000566452015
Portland,C3890,2021,3,30,107717.33333333333,1162057.6666666667,0.09269534242850254,0,False,,0,0,11.58726579108006
Portland,C3890,2021,4,31,107059.0,1184816.0,0.09035917813398874,0,False,,0,0,11.581135363347052
Portland,C3890,2022,1,32,106649.66666666667,1186521.3333333333,0.0898843229114577,0,False,,0,0,11.577304598406254
Portland,C3890,2022,2,33,113460.33333333333,1205065.0,0.09415287418797602,0,False,,0,0,11.639208568769186
Portland,C3890,2022,3,34,119247.33333333333,1210654.3333333333,0.09849825011983877,0,False,,0,0,11.688955046515929
Portland,C3890,2022,4,35,114691.33333333333,1216898.6666666667,0.0942488774743227,0,False,,0,0,11.649999740832307
Portland,C3890,2023,1,36,115221.66666666667,1217822.0,0.09461289635650093,0,False,,0,0,11.65461308826305
Portland,C3890,2023,2,37,120445.33333333333,1227895.0,0.09809090625284192,0,False,,0,0,11.698951263692077
Portland,C3890,2023,3,38,123468.0,1220314.6666666667,0.10117718271571485,0,False,,0,0,11.723737292163811
Portland,C3890,2023,4,39,117867.0,1223883.6666666667,0.09630572186735613,0,False,,0,0,11.677312149127815
Portland,C3890,2024,1,40,115271.66666666667,1207215.0,0.09548561496226163,0,False,,0,0,11.65504694029739
Portland,C3890,2024,2,41,120843.0,1223734.6666666667,0.09874934762546564,0,False,,0,0,11.702247461408927
Portland,C3890,2024,3,42,123518.33333333333,1216085.0,0.10157047684440917,0,False,,0,0,11.724144872076034
Portland,C3890,2024,4,43,118105.66666666667,1221966.6666666667,0.09665211817016285,0,False,,0,0,11.67933498297057
Portland,C3890,2025,1,44,116080.66666666667,1205953.3333333333,0.09625635043920994,0,False,,0,0,11.66204063070721
Portland,C3890,2025,2,45,121041.0,1216681.3333333333,0.09948455415879918,0,False,,0,0,11.703884610159768
San Antonio,C4170,2014,1,0,114349.0,897072.3333333334,0.12746909669491535,0,False,,0,0,11.647010454331797
San Antonio,C4170,2014,2,1,122819.33333333333,918244.6666666666,0.13375447502372279,0,False,,0,0,11.718469719871047
San Antonio,C4170,2014,3,2,122296.33333333333,918984.6666666666,0.13307766469806895,0,False,,0,0,11.714202340304595
San Antonio,C4170,2014,4,3,117740.33333333333,935616.3333333334,0.12584253730784947,0,False,,0,0,11.676236913675012
San Antonio,C4170,2015,1,4,117188.66666666667,932744.6666666666,0.12563852772856024,0,False,,0,0,11.671540450652866
San Antonio,C4170,2015,2,5,125796.66666666667,947945.6666666666,0.13270451154549295,0,False,,0,0,11.742422125812103
San Antonio,C4170,2015,3,6,127977.0,948866.0,0.13487362809922582,0,False,,0,0,11.759605839256022
San Antonio,C4170,2015,4,7,123476.33333333333,962855.0,0.1282398007315051,0,False,,0,0,11.723804783757759
San Antonio,C4170,2016,1,8,123753.66666666667,963851.0,0.12839501817881258,0,False,,0,0,11.726048309621618
San Antonio,C4170,2016,2,9,132030.66666666666,976527.0,0.13520431761402057,0,False,,0,0,11.790789497817968
San Antonio,C4170,2016,3,10,132738.66666666666,980267.3333333334,0.1354106804878397,0,False,,0,0,11.796137561950557
San Antonio,C4170,2016,4,11,127011.0,991813.3333333334,0.1280593794531229,0,False,,0,0,11.752028975863166
San Antonio,C4170,2017,1,12,127198.0,987466.6666666666,0.12881244936537942,0,False,,0,0,11.753500206494106
San Antonio,C4170,2017,2,13,135679.33333333334,998549.3333333334,0.13587644476253552,0,False,,0,0,11.818049537491646
San Antonio,C4170,2017,3,14,136816.0,999393.6666666666,0.13689900643089928,0,False,,0,0,11.826392236395737
San Antonio,C4170,2017,4,15,130250.0,1008295.3333333334,0.1291784219306116,0,False,,0,0,11.777210959615614
San Antonio,C4170,2018,1,16,129285.66666666667,1001081.0,0.12914605977604876,0,False,,0,0,11.769779705302557
San Antonio,C4170,2018,2,17,137691.33333333334,1017171.3333333334,0.1353669031176,0,False,,0,0,11.83276974398027
San Antonio,C4170,2018,3,18,139268.66666666666,1018910.6666666666,0.13668388331067297,0,False,,0,0,11.844160200271624
San Antonio,C4170,2018,4,19,133984.33333333334,1028409.0,0.13028312017235685,0,False,,0,0,11.805478156675022
San Antonio,C4170,2019,1,20,133506.0,1019030.0,0.13101282592269117,0,False,,0,0,11.801901699632722
San Antonio,C4170,2019,2,21,140250.66666666666,1033152.0,0.13575027359639885,0,False,,0,0,11.851186576790163
San Antonio,C4170,2019,3,22,140583.66666666666,1035437.0,0.13577230354591024,0,False,,0,0,11.853558082810205
San Antonio,C4170,2019,4,23,135425.0,1046363.0,0.12942449226511257,0,False,,0,0,11.8161732605261
San Antonio,C4170,2020,1,24,133510.33333333334,1032395.6666666666,0.1293208966717218,0,False,,0,0,11.801934157072907
San Antonio,C4170,2020,2,25,93251.33333333333,937141.3333333334,0.0995061577335898,0,False,,0,0,11.443053635884626
San Antonio,C4170,2020,3,26,107384.0,967970.6666666666,0.11093724603224892,0,False,,0,0,11.584166474167471
San Antonio,C4170,2020,4,27,112214.66666666667,997683.3333333334,0.11247523429277827,0,False,,0,0,11.628168982482004
San Antonio,C4170,2021,1,28,112246.0,986223.0,0.11381401569421926,0,False,,0,0,11.628448170225694
San Antonio,C4170,2021,2,29,123914.66666666667,1012095.3333333334,0.12243378917532802,0,False,,0,0,11.727348435645093
San Antonio,C4170,2021,3,30,129093.66666666667,1023268.0,0.12615821726729134,0,False,,0,0,11.768293518053266
San Antonio,C4170,2021,4,31,127393.66666666667,1047774.0,0.12158506191856895,0,False,,0,0,11.75503730869194
San Antonio,C4170,2022,1,32,127628.33333333333,1048067.0,0.1217749755820318,0,False,,0,0,11.75687767331068
San Antonio,C4170,2022,2,33,136490.0,1064359.6666666667,0.12823672699610625,0,False,,0,0,11.82400663085024
San Antonio,C4170,2022,3,34,139768.0,1076020.0,0.12989349640341258,0,False,,0,0,11.84773918415428
San Antonio,C4170,2022,4,35,135031.66666666666,1089486.0,0.12394070843192721,0,False,,0,0,11.813264597815053
San Antonio,C4170,2023,1,36,136616.0,1085902.6666666667,0.12580869740320494,0,False,,0,0,11.824929349567075
San Antonio,C4170,2023,2,37,142734.0,1100318.0,0.1297206807486563,0,False,,0,0,11.86873803717332
San Antonio,C4170,2023,3,38,144772.0,1103889.6666666667,0.1311471647679765,0,False,,0,0,11.882915370069586
San Antonio,C4170,2023,4,39,140325.33333333334,1118508.6666666667,0.1254575288643271,0,False,,0,0,11.85171881524555
San Antonio,C4170,2024,1,40,139408.66666666666,1103339.3333333333,0.12635157875274394,0,False,,0,0,11.845164946585959
San Antonio,C4170,2024,2,41,147245.0,1116354.3333333333,0.13189808612140172,0,False,,0,0,11.899853145079934
San Antonio,C4170,2024,3,42,146942.66666666666,1117274.6666666667,0.13151883869797457,0,False,,0,0,11.89779776700651
San Antonio,C4170,2024,4,43,143976.66666666666,1128547.6666666667,0.1275769477171692,0,False,,0,0,11.877406528391681
San Antonio,C4170,2025,1,44,142440.33333333334,1118670.3333333333,0.12733003556901334,0,False,,0,0,11.866678477555595
San Antonio,C4170,2025,2,45,150331.66666666666,1126625.6666666667,0.13343532915546924,0,False,,0,0,11.92059924328075
San Diego,C4174,2014,1,0,167927.33333333334,1311703.0,0.12802237498376792,0,False,,0,0,12.031286625130585
San Diego,C4174,2014,2,1,176735.0,1329555.0,0.1329279345344871,0,False,,0,0,12.082406714528108
San Diego,C4174,2014,3,2,181877.0,1333364.0,0.13640461269390805,0,False,,0,0,12.111085913411006
San Diego,C4174,2014,4,3,175899.66666666666,1357217.3333333333,0.12960316844366856,0,False,,0,0,12.077669035707746
San Diego,C4174,2015,1,4,175242.0,1344703.6666666667,0.1303201622364878,0,False,,0,0,12.073923154782133
San Diego,C4174,2015,2,5,182937.0,1367071.0,0.1338167512879726,0,False,,0,0,12.116897110256609
San Diego,C4174,2015,3,6,187610.66666666666,1372717.6666666667,0.13667097847020251,0,False,,0,0,12.142124172502196
San Diego,C4174,2015,4,7,183245.0,1398197.3333333333,0.13105803854105477,0,False,,0,0,12.118579334247048
San Diego,C4174,2016,1,8,181046.33333333334,1384529.6666666667,0.1307637804318145,0,False,,0,0,12.10650826275636
San Diego,C4174,2016,2,9,190398.0,1405649.3333333333,0.13545199039684624,0,False,,0,0,12.156871897082551
San Diego,C4174,2016,3,10,195845.33333333334,1407207.6666666667,0.13917301473864435,0,False,,0,0,12.185080511050753
San Diego,C4174,2016,4,11,191989.0,1425844.6666666667,0.13464930962559268,0,False,,0,0,12.165193357702021
San Diego,C4174,2017,1,12,187290.33333333334,1414890.0,0.13237094992072412,0,False,,0,0,12.140415276493437
San Diego,C4174,2017,2,13,195802.66666666666,1435345.0,0.1364150546848783,0,False,,0,0,12.184862628325266
San Diego,C4174,2017,3,14,199188.66666666666,1432762.6666666667,0.13902418823494375,0,False,,0,0,12.202007728270456
San Diego,C4174,2017,4,15,193671.0,1457432.6666666667,0.13288504123003508,0,False,,0,0,12.173916122130764
San Diego,C4174,2018,1,16,192368.0,1446280.0,0.13300882263462124,0,False,,0,0,12.16716548321469
San Diego,C4174,2018,2,17,200137.66666666666,1465608.0,0.13655606865319148,0,False,,0,0,12.206760742070774
San Diego,C4174,2018,3,18,205021.0,1461995.6666666667,0.1402336577832994,0,False,,0,0,12.230867691898418
San Diego,C4174,2018,4,19,199320.0,1482617.3333333333,0.13443792644179708,0,False,,0,0,12.20266685239534
San Diego,C4174,2019,1,20,196836.33333333334,1468804.0,0.13401129989660523,0,False,,0,0,12.19012786715621
San Diego,C4174,2019,2,21,204041.33333333334,1487425.0,0.13717756077337234,0,False,,0,0,12.226077866681917
San Diego,C4174,2019,3,22,206841.0,1486576.6666666667,0.13913914071031205,0,False,,0,0,12.239705661153277
San Diego,C4174,2019,4,23,201079.33333333334,1510316.6666666667,0.1331372008077776,0,False,,0,0,12.211454802371005
San Diego,C4174,2020,1,24,194883.0,1490941.0,0.13071140977409568,0,False,,0,0,12.180154657473851
San Diego,C4174,2020,2,25,109977.0,1277648.6666666667,0.08607765410731066,0,False,,0,0,11.60802653200291
San Diego,C4174,2020,3,26,134780.66666666666,1330853.3333333333,0.10127386939707857,0,False,,0,0,11.81140404482027
San Diego,C4174,2020,4,27,139272.33333333334,1378641.6666666667,0.10102141600730187,0,False,,0,0,11.84418652793374
San Diego,C4174,2021,1,28,127593.66666666667,1363585.3333333333,0.09357219056819815,0,False,,0,0,11.756606014387232
San Diego,C4174,2021,2,29,159150.66666666666,1412509.6666666667,0.11267226725764,0,False,,0,0,11.97760662162177
San Diego,C4174,2021,3,30,177997.66666666666,1437482.3333333333,0.12382598557153282,0,False,,0,0,12.089525720574072
San Diego,C4174,2021,4,31,181247.33333333334,1482978.3333333333,0.12221846351992108,0,False,,0,0,12.10761785996501
San Diego,C4174,2022,1,32,180153.0,1483057.0,0.12147409034177378,0,False,,0,0,12.101561768826926
San Diego,C4174,2022,2,33,193399.0,1507679.6666666667,0.12827592244948582,0,False,,0,0,12.172510691357147
San Diego,C4174,2022,3,34,200153.66666666666,1509393.0,0.13260540274578367,0,False,,0,0,12.206840683846556
San Diego,C4174,2022,4,35,197277.66666666666,1530512.6666666667,0.12889646127288937,0,False,,0,0,12.192367490807273
San Diego,C4174,2023,1,36,193156.66666666666,1509340.6666666667,0.12797420153877342,0,False,,0,0,12.171256882987608
San Diego,C4174,2023,2,37,201220.33333333334,1526090.3333333333,0.13185348792153195,0,False,,0,0,12.21215577240631
San Diego,C4174,2023,3,38,205941.0,1526249.0,0.13493276654071518,0,False,,0,0,12.23534499898219
San Diego,C4174,2023,4,39,200700.66666666666,1541971.0,0.13015852222037033,0,False,,0,0,12.20956985648627
San Diego,C4174,2024,1,40,197025.0,1528529.6666666667,0.1288983814292995,0,False,,0,0,12.19108590322185
San Diego,C4174,2024,2,41,203337.66666666666,1537587.6666666667,0.13224460047047723,0,False,,0,0,12.222623258729708
San Diego,C4174,2024,3,42,205455.66666666666,1530725.6666666667,0.13422108947455638,0,False,,0,0,12.232985555662346
San Diego,C4174,2024,4,43,202136.33333333334,1549320.6666666667,0.1304677189701637,0,False,,0,0,12.216697666220707
San Diego,C4174,2025,1,44,196845.33333333334,1527022.3333333333,0.12890795965219456,0,False,,0,0,12.190173589376794
San Diego,C4174,2025,2,45,203380.66666666666,1535616.6666666667,0.13244234129611338,0,False,,0,0,12.222834707275968
San Jose,C4194,2014,1,0,87637.33333333333,967909.0,0.09054294704701922,1,False,8.0,1,0,11.380962365740011
San Jose,C4194,2014,2,1,92252.0,985987.3333333334,0.09356306808539122,1,False,8.0,1,0,11.432279241884563
San Jose,C4194,2014,3,2,93357.33333333333,993116.6666666666,0.09400439693221675,1,False,8.0,1,0,11.444189703284861
San Jose,C4194,2014,4,3,91611.33333333333,1011262.3333333334,0.09059106654488268,1,False,8.0,1,0,11.425310269355183
San Jose,C4194,2015,1,4,91722.66666666667,1008220.6666666666,0.09097479321656438,1,False,8.0,1,0,11.426524810542514
San Jose,C4194,2015,2,5,95848.66666666667,1028946.3333333334,0.09315225057089145,1,False,8.0,1,0,11.470525837752797
San Jose,C4194,2015,3,6,96754.66666666667,1038696.3333333334,0.09315009937135942,1,False,8.0,1,0,11.479933844009585
San Jose,C4194,2015,4,7,95805.66666666667,1055984.0,0.09072643777430972,1,False,8.0,1,0,11.470077113218647
San Jose,C4194,2016,1,8,95259.66666666667,1042261.3333333334,0.0913971032217128,1,False,8.0,1,1,11.464361775153543
San Jose,C4194,2016,2,9,99308.66666666667,1062774.0,0.09344288312159187,1,False,8.0,1,1,11.505988123834731
San Jose,C4194,2016,3,10,100457.33333333333,1068001.0,0.09406108546090625,1,False,8.0,1,1,11.517488372390039
San Jose,C4194,2016,4,11,99003.33333333333,1079328.6666666667,0.09172677090018301,1,False,8.0,1,1,11.502908798583574
San Jose,C4194,2017,1,12,97782.0,1068349.0,0.09152627090959976,1,False,8.0,1,1,11.490495790004044
San Jose,C4194,2017,2,13,102390.0,1086589.0,0.09423066127118901,1,False,8.0,1,1,11.536544330568862
San Jose,C4194,2017,3,14,103137.66666666667,1093251.0,0.09434033599481424,1,False,8.0,1,1,11.543819944377034
San Jose,C4194,2017,4,15,102649.0,1105502.0,0.0928528397054008,1,False,8.0,1,1,11.53907068055842
San Jose,C4194,2018,1,16,101631.33333333333,1095139.6666666667,0.0928021661772821,1,False,8.0,1,1,11.52910716553147
San Jose,C4194,2018,2,17,106885.66666666667,1113792.3333333333,0.0959655255901983,1,False,8.0,1,1,11.579515006327092
San Jose,C4194,2018,3,18,107890.33333333333,1118179.0,0.09648753315286134,1,False,8.0,1,1,11.588870558107146
San Jose,C4194,2018,4,19,106274.33333333333,1133027.3333333333,0.09379679572308053,1,False,8.0,1,1,11.57377908017352
San Jose,C4194,2019,1,20,103388.66666666667,1120077.6666666667,0.09230490861794405,1,False,8.0,1,1,11.546250628343861
San Jose,C4194,2019,2,21,107682.66666666667,1133152.3333333333,0.09502929438436787,1,False,8.0,1,1,11.586943909306932
San Jose,C4194,2019,3,22,109422.66666666667,1140436.6666666667,0.09594804329335839,1,False,8.0,1,1,11.602973338246336
San Jose,C4194,2019,4,23,108024.33333333333,1154318.6666666667,0.09358276570652355,1,False,8.0,1,1,11.590111789370152
San Jose,C4194,2020,1,24,103758.0,1142106.3333333333,0.09084793330685205,1,False,8.0,1,1,11.549816543553977
San Jose,C4194,2020,2,25,58227.666666666664,1016904.0,0.057259747888361794,1,False,8.0,1,1,10.972115893045418
San Jose,C4194,2020,3,26,63570.0,1044997.3333333334,0.06083269112010493,1,False,8.0,1,1,11.059896939930454
San Jose,C4194,2020,4,27,66737.33333333333,1065886.3333333333,0.06261205463121615,1,False,8.0,1,1,11.108519795458754
San Jose,C4194,2021,1,28,61852.333333333336,1050868.3333333333,0.058858309239501944,1,False,8.0,1,1,11.032505102789449
San Jose,C4194,2021,2,29,77622.33333333333,1078737.0,0.07195668020410288,1,False,8.0,1,1,11.259610465451923
San Jose,C4194,2021,3,30,87323.33333333333,1098536.3333333333,0.07949061918449671,1,False,8.0,1,1,11.377372983702267
San Jose,C4194,2021,4,31,88543.0,1122157.0,0.07890428879381406,1,False,8.0,1,1,11.391243588702855
San Jose,C4194,2022,1,32,88751.66666666667,1111524.3333333333,0.07984680497323046,1,False,8.0,1,1,11.393597486504056
San Jose,C4194,2022,2,33,95367.33333333333,1131215.0,0.08430522343969389,1,False,8.0,1,1,11.465491380908398
San Jose,C4194,2022,3,34,101142.66666666667,1144475.0,0.08837472785920765,1,False,8.0,1,1,11.5242873403796
San Jose,C4194,2022,4,35,100568.0,1152919.6666666667,0.08722897432287129,1,False,8.0,1,1,11.518589394594667
San Jose,C4194,2023,1,36,98082.0,1130520.6666666667,0.0867582547510557,1,False,8.0,1,1,11.493559142479263
San Jose,C4194,2023,2,37,102358.66666666667,1136132.0,0.09009399142587893,1,False,8.0,1,1,11.536238264267304
San Jose,C4194,2023,3,38,103993.66666666667,1139236.6666666667,0.09128363728929605,1,False,8.0,1,1,11.552085278833289
San Jose,C4194,2023,4,39,102419.66666666667,1143643.0,0.08955562764487403,1,False,8.0,1,1,11.536834030438571
San Jose,C4194,2024,1,40,100563.0,1129699.3333333333,0.08901749078958472,1,False,8.0,1,1,11.518539675754697
San Jose,C4194,2024,2,41,102733.66666666667,1129963.6666666667,0.09091767257413291,1,False,8.0,1,1,11.539895157841112
San Jose,C4194,2024,3,42,104390.33333333333,1136576.0,0.09184632909135274,1,False,8.0,1,1,11.555892357551125
San Jose,C4194,2024,4,43,103526.66666666667,1142210.3333333333,0.09063713017246387,1,False,8.0,1,1,11.54758450745507
San Jose,C4194,2025,1,44,100442.0,1127140.6666666667,0.0891122137372975,1,False,8.0,1,1,11.517335725458777
San Jose,C4194,2025,2,45,103589.0,1135525.0,0.09122564452565994,1,False,8.0,1,1,11.5481864255641
Seattle,C4266,2014,1,0,168998.0,1746131.0,0.0967842618910036,0,False,,0,0,12.037642159515658
Seattle,C4266,2014,2,1,177045.0,1773426.3333333333,0.09983217045572235,0,False,,0,0,12.08415921653128
Seattle,C4266,2014,3,2,182327.66666666666,1802710.6666666667,0.1011408375387287,0,False,,0,0,12.113560713642455
Seattle,C4266,2014,4,3,174920.0,1810801.6666666667,0.0965980997366728,0,False,,0,0,12.072084005526857
Seattle,C4266,2015,1,4,174297.33333333334,1793481.0,0.09718381925057101,0,False,,0,0,12.068517932098668
Seattle,C4266,2015,2,5,183866.0,1829022.6666666667,0.1005269116402421,0,False,,0,0,12.121962510410793
Seattle,C4266,2015,3,6,191155.33333333334,1855170.6666666667,0.10303921723643755,0,False,,0,0,12.160841640034478
Seattle,C4266,2015,4,7,183725.33333333334,1862994.6666666667,0.09861828196323338,0,False,,0,0,12.121197167701228
Seattle,C4266,2016,1,8,181600.33333333334,1852552.3333333333,0.09802710026905223,0,False,,0,0,12.109563580683622
Seattle,C4266,2016,2,9,190796.66666666666,1892323.0,0.10082669114451744,0,False,,0,0,12.158963567543227
Seattle,C4266,2016,3,10,197023.66666666666,1914497.3333333333,0.10291143436780273,0,False,,0,0,12.191079135868241
Seattle,C4266,2016,4,11,189204.0,1918257.6666666667,0.09863325625528582,0,False,,0,0,12.150581077025482
Seattle,C4266,2017,1,12,187916.66666666666,1907860.0,0.09849604618088678,0,False,,0,0,12.143753881130916
Seattle,C4266,2017,2,13,198042.33333333334,1942660.0,0.10194389822888891,0,False,,0,0,12.196236091537507
Seattle,C4266,2017,3,14,202002.33333333334,1957929.6666666667,0.10317139413758308,0,False,,0,0,12.216034527471743
Seattle,C4266,2017,4,15,193937.0,1961652.0,0.09886412064933026,0,False,,0,0,12.175288643037236
Seattle,C4266,2018,1,16,193949.33333333334,1955786.0,0.09916695044004474,0,False,,0,0,12.175352235550184
Seattle,C4266,2018,2,17,204039.33333333334,1988165.3333333333,0.10262694450629191,0,False,,0,0,12.226068064698323
Seattle,C4266,2018,3,18,207728.0,2008619.3333333333,0.1034183015929018,0,False,,0,0,12.243984810600034
Seattle,C4266,2018,4,19,200312.33333333334,2014461.0,0.09943718609262396,0,False,,0,0,12.2076330940635
Seattle,C4266,2019,1,20,197350.66666666666,2002248.0,0.09856454678274952,0,False,,0,0,12.192737459178353
Seattle,C4266,2019,2,21,206963.0,2038901.0,0.10150713546170216,0,False,,0,0,12.240295312309549
Seattle,C4266,2019,3,22,211359.66666666666,2061909.3333333333,0.10250677042378843,0,False,,0,0,12.261316542666844
Seattle,C4266,2019,4,23,203006.33333333334,2065791.6666666667,0.09827047741987535,0,False,,0,0,12.220992456223627
Seattle,C4266,2020,1,24,196954.0,2052323.3333333333,0.09596636007646618,0,False,,0,0,12.190725477916093
Seattle,C4266,2020,2,25,117413.33333333333,1831822.0,0.06409647516698311,0,False,,0,0,11.673455751761526
Seattle,C4266,2020,3,26,139339.33333333334,1904178.3333333333,0.07317556916500294,0,False,,0,0,11.844667484112591
Seattle,C4266,2020,4,27,133730.33333333334,1920459.3333333333,0.06963455617735896,0,False,,0,0,11.803580613448297
Seattle,C4266,2021,1,28,129492.0,1904268.3333333333,0.06800092073858639,0,False,,0,0,11.771374382151734
Seattle,C4266,2021,2,29,152597.66666666666,1952196.3333333333,0.07816717205185475,0,False,,0,0,11.935560107195714
Seattle,C4266,2021,3,30,171588.66666666666,1993681.6666666667,0.08606623090112178,0,False,,0,0,12.052855418788882
Seattle,C4266,2021,4,31,171200.66666666666,2024590.6666666667,0.0845606321738781,0,False,,0,0,12.050591636763194
Seattle,C4266,2022,1,32,170994.0,2021222.0,0.08459931665101607,0,False,,0,0,12.04938374714991
Seattle,C4266,2022,2,33,183680.0,2061645.3333333333,0.08909388876457251,0,False,,0,0,12.120950392113338
Seattle,C4266,2022,3,34,192949.0,2086551.0,0.09247269776775166,0,False,,0,0,12.17018118426252
Seattle,C4266,2022,4,35,187398.66666666666,2084302.0,0.08990955565300357,0,False,,0,0,12.14099353385542
Seattle,C4266,2023,1,36,186361.66666666666,2060271.0,0.09045492882570626,0,False,,0,0,12.135444509154675
Seattle,C4266,2023,2,37,198282.33333333334,2083163.6666666667,0.09518327172564933,0,False,,0,0,12.19744721993562
Seattle,C4266,2023,3,38,204276.33333333334,2088516.3333333333,0.09780930609592232,0,False,,0,0,12.227228931380466
Seattle,C4266,2023,4,39,195752.33333333334,2084371.6666666667,0.09391431310634779,0,False,,0,0,12.18460553374795
Seattle,C4266,2024,1,40,191769.66666666666,2057608.6666666667,0.09320026192217308,0,False,,0,0,12.164050278072729
Seattle,C4266,2024,2,41,202161.33333333334,2086373.6666666667,0.09689603380410763,0,False,,0,0,12.216821337476285
Seattle,C4266,2024,3,42,207464.66666666666,2098953.3333333335,0.09884196250194541,0,False,,0,0,12.242716323028915
Seattle,C4266,2024,4,43,197933.33333333334,2080637.0,0.09513112250398957,0,False,,0,0,12.195685552643686
Seattle,C4266,2025,1,44,192436.0,2058354.6666666667,0.09349020512176068,0,False,,0,0,12.167518909897925
Seattle,C4266,2025,2,45,202038.33333333334,2079868.0,0.09713997875506203,0,False,,0,0,12.216212727356385
St. Louis,C4118,2014,1,0,132942.33333333334,1238089.3333333333,0.10737701210575006,0,False,,0,0,11.797670729219286
St. Louis,C4118,2014,2,1,147411.0,1277214.6666666667,0.1154159937614246,0,False,,0,0,11.900979882818598
St. Louis,C4118,2014,3,2,148084.0,1265876.3333333333,0.11698141129636414,0,False,,0,0,11.905534959308266
St. Louis,C4118,2014,4,3,141892.66666666666,1286383.3333333333,0.1103035642563777,0,False,,0,0,11.862826182226135
St. Louis,C4118,2015,1,4,138127.33333333334,1262324.0,0.10942304300111012,0,False,,0,0,11.83593124402248
St. Louis,C4118,2015,2,5,151082.0,1298113.6666666667,0.11638580185967279,0,False,,0,0,11.925578014758363
St. Louis,C4118,2015,3,6,152245.66666666666,1289835.6666666667,0.11803493313230858,0,False,,0,0,11.933250723207598
St. Louis,C4118,2015,4,7,146261.0,1309966.0,0.11165251617217546,0,False,,0,0,11.89314797594091
St. Louis,C4118,2016,1,8,140393.0,1283415.0,0.10939018166376425,0,False,,0,0,11.852200911781061
St. Louis,C4118,2016,2,9,153840.0,1315477.0,0.1169461723770161,0,False,,0,0,11.943668380262661
St. Louis,C4118,2016,3,10,154021.66666666666,1303659.0,0.11814567050637219,0,False,,0,0,11.944848564140177
St. Louis,C4118,2016,4,11,146023.0,1321462.3333333333,0.11050106863936342,0,False,,0,0,11.891519422529832
St. Louis,C4118,2017,1,12,142716.66666666666,1297877.6666666667,0.10996157059486601,0,False,,0,0,11.868616591786228
St. Louis,C4118,2017,2,13,154434.33333333334,1326452.6666666667,0.11642656931092905,0,False,,0,0,11.947524258001657
St. Louis,C4118,2017,3,14,155103.0,1316729.6666666667,0.11779411061091,0,False,,0,0,11.951844691337337
St. Louis,C4118,2017,4,15,149783.7896469441,1332814.3333333333,0.11238158676785746,0,True,,0,0,11.916948130904995
St. Louis,C4118,2018,1,16,144647.0,1310092.0,0.11040980328099095,0,False,,0,0,11.882051570472653
St. Louis,C4118,2018,2,17,156080.0,1336473.0,0.11678500052002547,0,False,,0,0,11.958123975296992
St. Louis,C4118,2018,3,18,156939.33333333334,1324945.3333333333,0.11844966685417965,0,False,,0,0,11.963614597764536
St. Louis,C4118,2018,4,19,148920.33333333334,1340527.0,0.11109088689249329,0,False,,0,0,11.911166766322406
St. Louis,C4118,2019,1,20,144923.33333333334,1314431.0,0.11025556558947053,0,False,,0,0,11.883960145940552
St. Louis,C4118,2019,2,21,156921.66666666666,1339665.6666666667,0.11713494685365526,0,False,,0,0,11.963502021390376
St. Louis,C4118,2019,3,22,156824.66666666666,1332404.0,0.11770053727448031,0,False,,0,0,11.962883687451233
St. Louis,C4118,2019,4,23,149639.33333333334,1350119.0,0.11083418078949585,0,False,,0,0,11.915983233315385
St. Louis,C4118,2020,1,24,145048.66666666666,1321813.3333333333,0.10973460700451905,0,False,,0,0,11.884824597274738
St. Louis,C4118,2020,2,25,94263.0,1189539.6666666667,0.0792432590870586,0,False,,0,0,11.45384402683313
St. Louis,C4118,2020,3,26,121600.0,1238656.0,0.09817092073989873,0,False,,0,0,11.708492248514204
St. Louis,C4118,2020,4,27,116684.66666666667,1274405.0,0.09156011367396288,0,False,,0,0,11.667230418610956
St. Louis,C4118,2021,1,28,115323.0,1251029.3333333333,0.09218249079158283,0,False,,0,0,11.655492165982123
St. Louis,C4118,2021,2,29,130508.33333333333,1279340.0,0.10201223547558376,0,False,,0,0,11.779192360666524
St. Louis,C4118,2021,3,30,137969.33333333334,1274357.6666666667,0.10826578514195256,0,False,,0,0,11.834786717222103
St. Louis,C4118,2021,4,31,134113.66666666666,1302644.0,0.10295496441596219,0,False,,0,0,11.806442978071424
St. Louis,C4118,2022,1,32,131329.33333333334,1282644.6666666667,0.10238949004842599,0,False,,0,0,11.78546344229535
St. Louis,C4118,2022,2,33,143475.0,1312392.3333333333,0.10932325369166793,0,False,,0,0,11.873916082976564
St. Louis,C4118,2022,3,34,146249.66666666666,1304437.3333333333,0.11211705072327481,0,False,,0,0,11.893070485889226
St. Louis,C4118,2022,4,35,139939.0,1321995.0,0.1058544094342263,0,False,,0,0,11.848961892354676
St. Louis,C4118,2023,1,36,139412.33333333334,1308425.0,0.10654973218436925,0,False,,0,0,11.845191247809087
St. Louis,C4118,2023,2,37,150089.0,1331655.0,0.1127086219779147,0,False,,0,0,11.9189837304591
St. Louis,C4118,2023,3,38,152078.0,1321104.3333333333,0.11511429957714671,0,False,,0,0,11.932148826102663
St. Louis,C4118,2023,4,39,144424.33333333334,1336229.3333333333,0.10808349265395562,0,False,,0,0,11.880511004632812
St. Louis,C4118,2024,1,40,141982.0,1311296.0,0.10827608716872468,0,False,,0,0,11.863455567985218
St. Louis,C4118,2024,2,41,153807.66666666666,1336335.3333333333,0.11509660998262412,0,False,,0,0,11.943458183099116
St. Louis,C4118,2024,3,42,152949.66666666666,1322472.6666666667,0.1156543122000253,0,False,,0,0,11.937864170215228
St. Louis,C4118,2024,4,43,145116.33333333334,1339239.6666666667,0.10835725445209085,0,False,,0,0,11.885290998583603
St. Louis,C4118,2025,1,44,139962.66666666666,1308960.0,0.1069266185877847,0,False,,0,0,11.849130999362897
St. Louis,C4118,2025,2,45,151922.33333333334,1333916.3333333333,0.11389195074453697,0,False,,0,0,11.931124704329077
Tampa,C4530,2014,1,0,134541.33333333334,1149538.3333333333,0.11703944917017413,1,False,28.0,1,0,11.80962674184217
Tampa,C4530,2014,2,1,140115.0,1156522.6666666667,0.1211519705046853,1,False,28.0,1,0,11.850218792975058
Tampa,C4530,2014,3,2,137657.33333333334,1145894.3333333333,0.12013091375790032,1,False,28.0,1,0,11.832522784366597
Tampa,C4530,2014,4,3,137318.33333333334,1185445.6666666667,0.11583688497462417,1,False,28.0,1,0,11.830057110397284
Tampa,C4530,2015,1,4,140910.0,1188367.3333333333,0.11857444751931362,1,False,28.0,1,0,11.85587666768915
Tampa,C4530,2015,2,5,145285.66666666666,1192774.0,0.12180485713694854,1,False,28.0,1,0,11.88645719821394
Tampa,C4530,2015,3,6,142729.33333333334,1184310.0,0.12051686917558185,1,False,28.0,1,0,11.868705341789207
Tampa,C4530,2015,4,7,145414.66666666666,1235265.0,0.11771940973529296,1,False,28.0,1,0,11.887344710154421
Tampa,C4530,2016,1,8,145984.0,1228569.3333333333,0.11882438869275591,1,False,28.0,1,0,11.891252305644059
Tampa,C4530,2016,2,9,150052.66666666666,1232599.0,0.12173680707729494,1,False,28.0,1,0,11.918741622564422
Tampa,C4530,2016,3,10,147425.33333333334,1222340.0,0.12060910494079662,1,False,28.0,1,0,11.901077111902834
Tampa,C4530,2016,4,11,148438.0,1264660.6666666667,0.11737377773537143,1,False,28.0,1,0,11.907922641626477
Tampa,C4530,2017,1,12,150628.33333333334,1256339.3333333333,0.11989462507210102,1,False,28.0,1,0,11.922570712996023
Tampa,C4530,2017,2,13,153662.33333333334,1254279.3333333333,0.12251045620353575,1,False,28.0,1,0,11.9425128333469
Tampa,C4530,2017,3,14,149500.33333333334,1236547.0,0.12090145650212515,1,False,28.0,1,0,11.915053901464796
Tampa,C4530,2017,4,15,151389.33333333334,1280667.6666666667,0.11821125595164814,1,False,28.0,1,0,11.927610163958825
Tampa,C4530,2018,1,16,155690.33333333334,1279868.6666666667,0.12164555425738995,1,False,28.0,1,0,11.95562427068813
Tampa,C4530,2018,2,17,159101.0,1277852.3333333333,0.12450656139976529,1,False,28.0,1,0,11.977294499661248
Tampa,C4530,2018,3,18,157477.66666666666,1270508.6666666667,0.1239485182575168,1,False,28.0,1,0,11.967038928251606
Tampa,C4530,2018,4,19,157253.0,1307476.3333333333,0.12027215788991975,1,False,28.0,1,0,11.965611252282137
Tampa,C4530,2019,1,20,160857.0,1309086.0,0.12287733579000922,1,False,28.0,1,0,11.988271050526597
Tampa,C4530,2019,2,21,163218.66666666666,1307750.0,0.12480876824061683,1,False,28.0,1,0,12.002846094056322
Tampa,C4530,2019,3,22,161121.33333333334,1301297.3333333333,0.12381592523563666,1,False,28.0,1,0,11.989912983323643
Tampa,C4530,2019,4,23,160623.66666666666,1339956.6666666667,0.11987228442710833,1,False,28.0,1,0,11.986819433689258
Tampa,C4530,2020,1,24,160501.66666666666,1332994.0,0.12040689355440959,1,False,28.0,1,0,11.986059605714283
Tampa,C4530,2020,2,25,109286.0,1205548.3333333333,0.09065252464646102,1,False,28.0,1,0,11.601723578129027
Tampa,C4530,2020,3,26,126382.66666666667,1240049.3333333333,0.10191745059605156,1,False,28.0,1,0,11.747069620489919
Tampa,C4530,2020,4,27,133284.0,1291812.3333333333,0.10317597731559049,1,False,28.0,1,0,11.800237468955121
Tampa,C4530,2021,1,28,137093.66666666666,1294780.3333333333,0.1058817956507938,1,False,28.0,1,1,11.828419669491893
Tampa,C4530,2021,2,29,146392.0,1304086.0,0.11225640026808048,1,False,28.0,1,1,11.894043234207523
Tampa,C4530,2021,3,30,150788.33333333334,1312998.6666666667,0.11484271626576925,1,False,28.0,1,1,11.923632366399582
Tampa,C4530,2021,4,31,152856.66666666666,1363362.3333333333,0.11211741950721342,1,False,28.0,1,1,11.937255942113126
Tampa,C4530,2022,1,32,153860.66666666666,1361704.6666666667,0.11299121640179441,1,False,28.0,1,1,11.943802709946906
Tampa,C4530,2022,2,33,161585.66666666666,1377935.0,0.11726653772976713,1,False,28.0,1,1,11.99279072476574
Tampa,C4530,2022,3,34,160346.66666666666,1379249.6666666667,0.11625644764822611,1,False,28.0,1,1,11.985093417045341
Tampa,C4530,2022,4,35,161778.66666666666,1412847.3333333333,0.11450541247438388,1,False,28.0,1,1,11.993984424892949
Tampa,C4530,2023,1,36,165276.33333333334,1411979.3333333333,0.11705294081263702,1,False,28.0,1,1,12.015374099531714
Tampa,C4530,2023,2,37,170435.0,1419772.3333333333,0.12004389436146688,1,False,28.0,1,1,12.046109271346886
Tampa,C4530,2023,3,38,167947.0,1415850.3333333333,0.11861917608523123,1,False,28.0,1,1,12.031403732421838
Tampa,C4530,2023,4,39,167193.66666666666,1446251.0,0.11560487541005444,1,False,28.0,1,1,12.02690810012744
Tampa,C4530,2024,1,40,171340.33333333334,1436221.3333333333,0.11929939303691355,1,False,28.0,1,1,12.051407110965735
Tampa,C4530,2024,2,41,172795.66666666666,1435931.6666666667,0.12033697053829162,1,False,28.0,1,1,12.059865057877161
Tampa,C4530,2024,3,42,167921.66666666666,1423343.0,0.11797695050783026,1,False,28.0,1,1,12.03125287980654
Tampa,C4530,2024,4,43,160565.33333333334,1436813.3333333333,0.11175100453781982,1,False,28.0,1,1,11.986456199992121
Tampa,C4530,2025,1,44,167848.66666666666,1440330.0,0.11653486816678585,1,False,28.0,1,1,12.030818058776193
Tampa,C4530,2025,2,45,170001.0,1438647.3333333333,0.1181672506257035,1,False,28.0,1,1,12.04355959836804
Washington,C4790,2014,1,0,280481.0,2928095.0,0.09578958332977584,0,False,,0,0,12.544261265465305
Washington,C4790,2014,2,1,302995.6666666667,2989076.3333333335,0.10136765772347288,0,False,,0,0,12.621473782959097
Washington,C4790,2014,3,2,306277.3333333333,2975382.3333333335,0.1029371351379268,0,False,,0,0,12.632246288559058
Washington,C4790,2014,4,3,295125.6666666667,3011049.3333333335,0.098014224941294,0,False,,0,0,12.595156533315095
Washington,C4790,2015,1,4,289911.6666666667,2964257.6666666665,0.09780245149628806,0,False,,0,0,12.577331557862205
Washington,C4790,2015,2,5,313356.6666666667,3038078.6666666665,0.10314303908742324,0,False,,0,0,12.655097330890573
Washington,C4790,2015,3,6,319851.6666666667,3032069.0,0.10548957384105266,0,False,,0,0,12.675612625640593
Washington,C4790,2015,4,7,308626.3333333333,3080803.0,0.10017723734147665,0,False,,0,0,12.639886546875761
Washington,C4790,2016,1,8,302113.0,3026893.3333333335,0.09980959575714593,0,False,,0,0,12.618556398557482
Washington,C4790,2016,2,9,324351.3333333333,3089836.6666666665,0.10497361780719801,0,False,,0,0,12.689582569418427
Washington,C4790,2016,3,10,327636.0,3076747.3333333335,0.10648778222716154,0,False,,0,0,12.699658515033466
Washington,C4790,2016,4,11,314243.3333333333,3115283.0,0.10087152060770509,0,False,,0,0,12.657922911695508
Washington,C4790,2017,1,12,311986.3333333333,3075992.6666666665,0.10142622793422351,0,False,,0,0,12.650714662413419
Washington,C4790,2017,2,13,333750.6666666667,3132114.3333333335,0.10655762566351612,0,False,,0,0,12.718149486197722
Washington,C4790,2017,3,14,335798.3333333333,3108310.3333333335,0.108032434770831,0,False,,0,0,12.724266060341472
Washington,C4790,2017,4,15,324696.3333333333,3145135.6666666665,0.10323762398378787,0,False,,0,0,12.690645665552072
Washington,C4790,2018,1,16,317162.6666666667,3107088.0,0.10207714318573104,0,False,,0,0,12.667170065304912
Washington,C4790,2018,2,17,338950.0,3161153.3333333335,0.1072235239037229,0,False,,0,0,12.733607882859111
Washington,C4790,2018,3,18,342005.0,3149275.6666666665,0.10859798766425338,0,False,,0,0,12.742580635820914
Washington,C4790,2018,4,19,327565.0,3174231.0,0.10319507307439188,0,False,,0,0,12.69944178764667
Washington,C4790,2019,1,20,321698.0,3138781.6666666665,0.10249135943935785,0,False,,0,0,12.681368496235457
Washington,C4790,2019,2,21,342370.6666666667,3194261.0,0.10718305945151842,0,False,,0,0,12.743649249797928
Washington,C4790,2019,3,22,343044.0,3175770.0,0.10801915755863932,0,False,,0,0,12.745613997804298
Washington,C4790,2019,4,23,331986.3333333333,3214965.3333333335,0.10326280345583819,0,False,,0,0,12.712849082392703
Washington,C4790,2020,1,24,320341.0,3170382.6666666665,0.10104174595958343,0,False,,0,0,12.677141332400627
Washington,C4790,2020,2,25,173268.33333333334,2831429.6666666665,0.061194645013844015,0,False,,0,0,12.062596731559417
Washington,C4790,2020,3,26,227138.66666666666,2934268.3333333335,0.07740896225691696,0,False,,0,0,12.333315976333607
Washington,C4790,2020,4,27,225721.0,2993816.3333333335,0.07539574070954475,0,False,,0,0,12.32705500234085
Washington,C4790,2021,1,28,216221.33333333334,2956659.3333333335,0.07313028284850312,0,False,,0,0,12.284057853386502
Washington,C4790,2021,2,29,250172.0,3024342.6666666665,0.08271946256530896,0,False,,0,0,12.429903960280882
Washington,C4790,2021,3,30,278974.3333333333,3049862.6666666665,0.09147111323482543,0,False,,0,0,12.538875061350655
Washington,C4790,2021,4,31,277547.3333333333,3102548.3333333335,0.08945785964118742,0,False,,0,0,12.53374676819369
Washington,C4790,2022,1,32,271988.6666666667,3058884.0,0.08891761396204194,0,False,,0,0,12.513515677743388
Washington,C4790,2022,2,33,299222.0,3114073.0,0.09608702172363975,0,False,,0,0,12.608941051791069
Washington,C4790,2022,3,34,311288.6666666667,3130322.6666666665,0.09944299671769727,0,False,,0,0,12.648475949299467
Washington,C4790,2022,4,35,301708.3333333333,3147509.0,0.0958562257751553,0,False,,0,0,12.617216046023012
Washington,C4790,2023,1,36,301621.3333333333,3130111.6666666665,0.09636120543090315,0,False,,0,0,12.616927646478253
Washington,C4790,2023,2,37,324608.6666666667,3181449.0,0.10203170525966837,0,False,,0,0,12.690375633233826
Washington,C4790,2023,3,38,328802.0,3176610.0,0.10350719792483182,0,False,,0,0,12.703211024870724
Washington,C4790,2023,4,39,315795.3333333333,3196019.0,0.09880896619617509,0,False,,0,0,12.662849603409292
Washington,C4790,2024,1,40,308222.3333333333,3151626.3333333335,0.09779786711178429,0,False,,0,0,12.638576663010896
Washington,C4790,2024,2,41,329670.3333333333,3200174.0,0.10301637765113188,0,False,,0,0,12.70584844422069
Washington,C4790,2024,3,42,330036.6666666667,3197700.3333333335,0.10321063022269858,0,False,,0,0,12.706959038381392
Washington,C4790,2024,4,43,318133.6666666667,3216090.0,0.09891939176660687,0,False,,0,0,12.670226908875893
Washington,C4790,2025,1,44,324515.81647432834,3178436.3333333335,0.10209920301722629,0,True,,0,0,12.69008955499958
Washington,C4790,2025,2,45,331026.0,3211836.3333333335,0.10306440479688203,0,False,,0,0,12.709952201123265
